﻿<?xml version="1.0" encoding="utf-8"?>
<MD_Metadata xsi:schemaLocation="http://zgate.gsi.go.jp/ch/jmp/ http://zgate.gsi.go.jp/ch/jmp/JMP20.xsd" xmlns:xsi="http://www.w3.org/2001/XMLSchema-instance" xmlns="http://zgate.gsi.go.jp/ch/jmp/" xmlns:jmp20="http://zgate.gsi.go.jp/ch/jmp/">
  <identificationInfo>
    <MD_DataIdentification>
      <citation>
        <title>国土数値情報（鉄道時系列）　N05-21</title>
        <date>
          <date>2022-03-25</date>
          <dateType>003</dateType>
        </date>
      </citation>
      <abstract>全国の旅客鉄道の路線・駅の昭和25年以降の整備状況情報</abstract>
      <purpose>国土数値情報は，全国総合開発計画，国土利用計画，国土形成計画などの国土計画の策定や実施の支援のために作られたものであるが，各分野で広く利用されることも想定している。</purpose>
      <status>001</status>
      <pointOfContact>
        <organisationName>国土交通省 不動産・建設経済局 情報活用推進課</organisationName>
        <role>002</role>
      </pointOfContact>
      <resourceConstraints>
        <MD_Constraints>
          <useLimitation>利用に当たっての制限は、国土情報利用約款を参照してください。</useLimitation>
        </MD_Constraints>
      </resourceConstraints>
      <descriptiveKeywords>
        <MD_Keywords>
          <keyword>鉄道</keyword>
        </MD_Keywords>
        <MD_Keywords>
          <keyword>駅</keyword>
        </MD_Keywords>
        <MD_Keywords>
          <keyword>国土数値情報</keyword>
        </MD_Keywords>
      </descriptiveKeywords>
      <spatialRepresentationType>001</spatialRepresentationType>
      <spatialResolution>
        <equivalentScale>
          <denominator>25000</denominator>
        </equivalentScale>
      </spatialResolution>
      <language>
        <isoCode>jpn</isoCode>
      </language>
      <characterSet>004</characterSet>
      <topicCategory>018</topicCategory>
      <extent>
        <temporalElement>
          <EX_TemporalExtent>
            <extent>
              <beginEnd>
                <begin>1950-01-01</begin>
                <end>2021-12-31</end>
              </beginEnd>
            </extent>
          </EX_TemporalExtent>
        </temporalElement>
        <geographicElement>
          <EX_GeographicBoundingBox>
            <extentTypeCode>1</extentTypeCode>
            <extentReferenceSystem>
              <authority>
                <title>測量法施行令（昭和24年政令第322号）</title>
                <date>
                  <date>2011-10-21</date>
                  <dateType>003</dateType>
                </date>
              </authority>
              <code>JGD2011 / (B,L)</code>
            </extentReferenceSystem>
            <westBoundLongitude>127.65228500</westBoundLongitude>
            <eastBoundLongitude>145.75388400</eastBoundLongitude>
            <southBoundLatitude>26.19315000</southBoundLatitude>
            <northBoundLatitude>45.41633800</northBoundLatitude>
          </EX_GeographicBoundingBox>
        </geographicElement>
      </extent>
    </MD_DataIdentification>
  </identificationInfo>
  <dataQualityInfo>
    <DQ_DataQuality>
      <scope>
        <level>005</level>
        <extent>
          <geographicElement>
            <EX_GeographicBoundingBox>
              <extentTypeCode>1</extentTypeCode>
              <extentReferenceSystem>
                <authority>
                  <title>測量法施行令（昭和24年政令第322号）</title>
                  <date>
                    <date>2011-10-21</date>
                    <dateType>003</dateType>
                  </date>
                </authority>
                <code>JGD2011 / (B,L)</code>
              </extentReferenceSystem>
              <westBoundLongitude>127.65228500</westBoundLongitude>
              <eastBoundLongitude>145.75388400</eastBoundLongitude>
              <southBoundLatitude>26.19315000</southBoundLatitude>
              <northBoundLatitude>45.41633800</northBoundLatitude>
            </EX_GeographicBoundingBox>
          </geographicElement>
        </extent>
      </scope>
      <lineage>
        <LI_Lineage>
          <statement>鉄道時系列は、鉄道区間及び駅で構成され、それぞれに、設置期間としての時系列の要素を含む。更新した国土数値情報（鉄道）データを編集して作成。</statement>
        </LI_Lineage>
      </lineage>
      <report>
        <DQ_Element>
          <evaluationMethodDescription>データ集合内に、原典資料が示す地物と対応関係がとれない地物が存在すれば、それを過剰なデータとカウントする。また、データ集合内に同一の地物インスタンスが重複して存在する場合、本体を除き、重複している余分なデータの個数をエラーとしてカウントする。 </evaluationMethodDescription>
          <typeOfQualityEvaluation>001</typeOfQualityEvaluation>
          <result>
            <DQ_ConformanceResult>
              <specification>
                <title>国土数値情報（鉄道時系列）製品仕様書　第2.0版</title>
                <date>
                  <date>2022-03-25</date>
                  <dateType>003</dateType>
                </date>
              </specification>
              <explanation>過剰データの割合0％を合格とする。</explanation>
              <pass>1</pass>
            </DQ_ConformanceResult>
          </result>
        </DQ_Element>
        <DQ_Element>
          <evaluationMethodDescription>データ集合内に、原典資料と対応する地物データが存在しない場合、それをデータの漏れとカウントする。</evaluationMethodDescription>
          <typeOfQualityEvaluation>002</typeOfQualityEvaluation>
          <result>
            <DQ_ConformanceResult>
              <specification>
                <title>国土数値情報（鉄道時系列）製品仕様書　第2.0版</title>
                <date>
                  <date>2022-03-25</date>
                  <dateType>003</dateType>
                </date>
              </specification>
              <explanation>データの漏れの割合0％を合格とする。</explanation>
              <pass>1</pass>
            </DQ_ConformanceResult>
          </result>
        </DQ_Element>
        <DQ_Element>
          <evaluationMethodDescription>データ集合の書式が、整形式となっていない箇所（XML文書の構文として正しくない箇所）の割合を計算する。評価はXMLパーサにより行う。</evaluationMethodDescription>
          <typeOfQualityEvaluation>005</typeOfQualityEvaluation>
          <result>
            <DQ_ConformanceResult>
              <specification>
                <title>国土数値情報（鉄道時系列）製品仕様書　第2.0版</title>
                <date>
                  <date>2022-03-25</date>
                  <dateType>003</dateType>
                </date>
              </specification>
              <explanation>誤率0％を合格とする。</explanation>
              <pass>1</pass>
            </DQ_ConformanceResult>
          </result>
        </DQ_Element>
        <DQ_Element>
          <evaluationMethodDescription>符号化仕様が規定するXMLスキーマに対する、データ集合に存在する矛盾の割合を計算する。XMLバリデータにより検査を実施する。</evaluationMethodDescription>
          <typeOfQualityEvaluation>003</typeOfQualityEvaluation>
          <result>
            <DQ_ConformanceResult>
              <specification>
                <title>国土数値情報（鉄道時系列）製品仕様書　第2.0版</title>
                <date>
                  <date>2022-03-25</date>
                  <dateType>003</dateType>
                </date>
              </specification>
              <explanation>誤率0％を合格とする。</explanation>
              <pass>1</pass>
            </DQ_ConformanceResult>
          </result>
        </DQ_Element>
        <DQ_Element>
          <evaluationMethodDescription>地物属性の値が、応用スキーマが規定する定義域に含まれていない場合、その個数をエラーとしてカウントする。</evaluationMethodDescription>
          <typeOfQualityEvaluation>004</typeOfQualityEvaluation>
          <result>
            <DQ_ConformanceResult>
              <specification>
                <title>国土数値情報（鉄道時系列）製品仕様書　第2.0版</title>
                <date>
                  <date>2022-03-25</date>
                  <dateType>003</dateType>
                </date>
              </specification>
              <explanation>誤率0％を合格とする。</explanation>
              <pass>1</pass>
            </DQ_ConformanceResult>
          </result>
        </DQ_Element>
        <DQ_Element>
          <evaluationMethodDescription>データ集合が持つ位相属性及び位相を含む幾何属性の一貫性を検査し、エラーの割合（誤率）を計算する。</evaluationMethodDescription>
          <typeOfQualityEvaluation>006</typeOfQualityEvaluation>
          <result>
            <DQ_ConformanceResult>
              <specification>
                <title>国土数値情報（鉄道時系列）製品仕様書　第2.0版</title>
                <date>
                  <date>2022-03-25</date>
                  <dateType>003</dateType>
                </date>
              </specification>
              <explanation>誤率0％を合格とする。</explanation>
              <pass>1</pass>
            </DQ_ConformanceResult>
          </result>
        </DQ_Element>
        <DQ_Element>
          <evaluationMethodDescription>原典資料が地図であるものに関して、地物と原典資料、背景図（数値地図25000（地図画像）など）を画面上で原典資料の縮尺で重ねて表示し、位置のズレの最大値を測定する。</evaluationMethodDescription>
          <typeOfQualityEvaluation>007</typeOfQualityEvaluation>
          <result>
            <DQ_ConformanceResult>
              <specification>
                <title>国土数値情報（鉄道時系列）製品仕様書　第2.0版</title>
                <date>
                  <date>2022-03-25</date>
                  <dateType>003</dateType>
                </date>
              </specification>
              <explanation>誤差が図上0.3mm以内を合格とする。</explanation>
              <pass>1</pass>
            </DQ_ConformanceResult>
          </result>
        </DQ_Element>
        <DQ_Element>
          <evaluationMethodDescription>地物属性を原典資料と比較し、原典資料に記載されている内容と一致しない地物属性の割合を算出する。</evaluationMethodDescription>
          <typeOfQualityEvaluation>014</typeOfQualityEvaluation>
          <result>
            <DQ_ConformanceResult>
              <specification>
                <title>国土数値情報（鉄道時系列）製品仕様書　第2.0版</title>
                <date>
                  <date>2022-03-25</date>
                  <dateType>003</dateType>
                </date>
              </specification>
              <explanation>誤率0％を合格とする。</explanation>
              <pass>1</pass>
            </DQ_ConformanceResult>
          </result>
        </DQ_Element>
        <DQ_Element>
          <evaluationMethodDescription>地物属性を原典資料と比較し、原典資料に記載されている内容と一致しない地物属性の割合を算出する。</evaluationMethodDescription>
          <typeOfQualityEvaluation>015</typeOfQualityEvaluation>
          <result>
            <DQ_ConformanceResult>
              <specification>
                <title>国土数値情報（鉄道時系列）製品仕様書　第2.0版</title>
                <date>
                  <date>2022-03-25</date>
                  <dateType>003</dateType>
                </date>
              </specification>
              <explanation>誤率0％を合格とする。</explanation>
              <pass>1</pass>
            </DQ_ConformanceResult>
          </result>
        </DQ_Element>
        <DQ_Element>
          <evaluationMethodDescription>地物の設置期間（開始）及び供用開始年が、原典資料と対比させて一致しないデータの割合を算出する。</evaluationMethodDescription>
          <typeOfQualityEvaluation>010</typeOfQualityEvaluation>
          <result>
            <DQ_ConformanceResult>
              <specification>
                <title>国土数値情報（鉄道時系列）製品仕様書　第2.0版</title>
                <date>
                  <date>2022-03-25</date>
                  <dateType>003</dateType>
                </date>
              </specification>
              <explanation>誤率0％を合格とする。</explanation>
              <pass>1</pass>
            </DQ_ConformanceResult>
          </result>
        </DQ_Element>
        <DQ_Element>
          <evaluationMethodDescription>地物の設置期間及び供用開始年がデータ作成年次より小さいこと。地物の設置期間（開始）が設置期間（終了）より小さいこと（但し、地物が現在も設置されていることを表す設置期間（終了）9999、1949年以前の設置期間（開始）が不明なことを表す999を除く。）の条件を満足していない地物の割合を算出する。</evaluationMethodDescription>
          <typeOfQualityEvaluation>011</typeOfQualityEvaluation>
          <result>
            <DQ_ConformanceResult>
              <specification>
                <title>国土数値情報（鉄道時系列）製品仕様書　第2.0版</title>
                <date>
                  <date>2022-03-25</date>
                  <dateType>003</dateType>
                </date>
              </specification>
              <explanation>誤率0％を合格とする。</explanation>
              <pass>1</pass>
            </DQ_ConformanceResult>
          </result>
        </DQ_Element>
      </report>
    </DQ_DataQuality>
  </dataQualityInfo>
  <distributionInfo>
    <MD_Distribution>
      <distributionFormat>
        <MD_Format>
          <name>XML</name>
          <version>JPGIS 2014(GML)</version>
        </MD_Format>
      </distributionFormat>
      <transferOptions>
        <MD_DigitalTransferOptions>
          <onLine>
            <linkage>http://nlftp.mlit.go.jp/ksj/</linkage>
            <description>国土数値情報を無償で一般公開しています。</description>
          </onLine>
        </MD_DigitalTransferOptions>
      </transferOptions>
    </MD_Distribution>
  </distributionInfo>
  <referenceSystemInfo>
    <MD_ReferenceSystem>
      <referenceSystemIdentifier>
        <authority>
          <title>測量法施行令（昭和24年政令第322号）</title>
          <date>
            <date>2011-10-21</date>
            <dateType>003</dateType>
          </date>
        </authority>
        <code>JGD2011 / (B,L)</code>
      </referenceSystemIdentifier>
    </MD_ReferenceSystem>
  </referenceSystemInfo>
  <fileIdentifier>KS-META-N05-21.xml</fileIdentifier>
  <language>
    <isoCode>jpn</isoCode>
  </language>
  <characterSet>004</characterSet>
  <hierarchyLevel>005</hierarchyLevel>
  <contact>
    <organisationName>国土情報提供サイト運営事務局</organisationName>
    <contactInfo>
      <onlineResource>
        <linkage>http://nlftp.mlit.go.jp/inquiry.html</linkage>
        <description>お問合せは国土情報提供サイト運営事務局まで</description>
      </onlineResource>
      <hoursOfService>メールによる問い合わせは24時間受け付けています。</hoursOfService>
      <contactInstructions>国土数値情報に関するお問い合わせは、なるべくメールでお願いします。</contactInstructions>
    </contactInfo>
    <role>007</role>
  </contact>
  <dateStamp>2022-03-25</dateStamp>
  <metadataStandardName>JMP</metadataStandardName>
  <metadataStandardVersion>2.0</metadataStandardVersion>
</MD_Metadata>