,col1,col2,col3,LocName,fX,fY,iConf,iLvl
ē,35.32355728,139.6478492,_ސ쌧{sē2-13,_ސ쌧/{s/ē/QԒn,139.63202,35.31829,5,7
Ǖl{,35.32152996,139.6304888,_ސ쌧{sǕl{2-29-10,_ސ쌧/{s/Ǖl{/񒚖/QXԒn,139.62996,35.3206,5,7
Ǖl{Pڌ,35.32097682,139.6273283,_ސ쌧{sǕl{1-90-39,_ސ쌧/{s/Ǖl{/꒚/XOԒn,139.62567,35.31845,5,7
Ǖl{PڑQ,35.32021066,139.6270439,_ސ쌧{sǕl{1-90-63,_ސ쌧/{s/Ǖl{/꒚/XOԒn,139.62567,35.31845,5,7
Ǖl{Q,35.31913449,139.6303166,_ސ쌧{sǕl{2-1-106,_ސ쌧/{s/Ǖl{/񒚖/PԒn,139.62973,35.3183,5,7
ÓUڌ,35.31617449,139.6150551,_ސ쌧{sÓ6-88-2,_ސ쌧/{s/Ó/Z,139.61441,35.31524,5,6
ÓPڑQ,35.31539649,139.6198598,_ސ쌧{sÓ1-69-250,_ސ쌧/{s/Ó/꒚,139.61864,35.31118,5,6
,35.31511853,139.6235393,_ސ쌧{s1-4-4,_ސ쌧/{s//꒚/S,139.62236,35.31671,5,7
LRΒn,35.31377115,139.6426909,_ސ쌧{sY5-2931-63,_ސ쌧/{s/Y/ܒ/QXRPԒn,139.63779,35.312,5,7
ÓTڑQ,35.31258982,139.6167704,_ސ쌧{sÓ5-40-71,_ސ쌧/{s/Ó/ܒ/SO,139.61295,35.31433,5,7
ÓTڌ,35.31198337,139.6136869,_ސ쌧{sÓ5-52-62,_ސ쌧/{s/Ó/ܒ,139.61334,35.31283,5,6
ÓPڌ,35.31119237,139.6179489,_ސ쌧{sÓ1-3-38,_ސ쌧/{s/Ó/꒚/R,139.61804,35.31044,5,7
ǕlPڑQ,35.31064526,139.6309235,_ސ쌧{sǕl1-51-2,_ސ쌧/{s/Ǖl/꒚/TPԒn,139.63039,35.31062,5,7
a,35.31031498,139.6271351,_ސ쌧{sǕl2-41-8,_ސ쌧/{s/Ǖl/񒚖/SPԒn,139.62769,35.31151,5,7
ÓSڌ,35.31027019,139.6167754,_ސ쌧{sÓ4-4-237,_ސ쌧/{s/Ó/l/S,139.61679,35.30935,5,7
ǕlPڑS,35.3099833,139.6311149,_ސ쌧{sǕl1-28-64,_ސ쌧/{s/Ǖl/꒚/QWԒn,139.62912,35.30905,5,7
ǕlPڌ,35.30953789,139.6244746,_ސ쌧{sǕl1-40-15,_ސ쌧/{s/Ǖl/꒚/SOԒn,139.62529,35.30904,5,7
ÓQڑS,35.30947368,139.6232624,_ސ쌧{sÓ2-1-53,_ސ쌧/{s/Ó/񒚖/P,139.61823,35.30733,5,7
ǕlPڌ,35.30937594,139.630262,_ސ쌧{sǕl1-28-26,_ސ쌧/{s/Ǖl/꒚/QWԒn,139.62912,35.30905,5,7
ÓSڑQ,35.30931546,139.6122753,_ސ쌧{sÓ4-50-2,_ސ쌧/{s/Ó/l,139.6143,35.30885,5,6
Y,35.30870273,139.6372949,_ސ쌧{sY2-71,_ސ쌧/{s/Y/񒚖/VPԒn,139.63599,35.30873,5,7
ÓQڑR,35.30815867,139.6184326,_ސ쌧{sÓ2-16-214,_ސ쌧/{s/Ó/񒚖/PU,139.61938,35.3063,5,7
ǕlPڑR,35.30807,139.6288477,_ސ쌧{sǕl1-28-54,_ސ쌧/{s/Ǖl/꒚/QWԒn,139.62912,35.30905,5,7
ÓQڌ,35.30801378,139.6193806,_ސ쌧{sÓ2-1-34,_ސ쌧/{s/Ó/񒚖/P,139.61823,35.30733,5,7
k,35.30778225,139.6253499,_ސ쌧{sǕl1-60-1,_ސ쌧/{s/Ǖl/꒚/UOԒn,139.62576,35.30781,5,7
ǕlR̍L,35.30755883,139.6302525,_ސ쌧{sǕl1-19-2,_ސ쌧/{s/Ǖl/꒚/PXԒn,139.63148,35.30851,5,7
,35.30729333,139.637954,_ސ쌧{sY1-67,_ސ쌧/{s/Y/꒚/UVԒn,139.63733,35.30574,5,7
ÓQڑQ,35.30672401,139.6207568,_ސ쌧{sÓ2-3-331,_ސ쌧/{s/Ó/񒚖/R,139.61908,35.30704,5,7
ÓRڌ,35.30625947,139.6175793,_ސ쌧{sÓ3-16-315,_ސ쌧/{s/Ó/O/PU,139.61647,35.30519,5,7
DzWڌ,35.30597143,139.632636,_ސ쌧{sDz8-1-50,_ސ쌧/{s/Dz//P,139.63083,35.3051,5,7
DzWڑQ,35.30558547,139.6294757,_ސ쌧{sDz8-32-22,_ސ쌧/{s/Dz/,139.63216,35.30637,5,6
ÓQڑT,35.30530647,139.6225329,_ސ쌧{sÓ2-6-3,_ސ쌧/{s/Ó/񒚖/U,139.61893,35.3051,5,7
DzWڑR,35.30474919,139.6311802,_ސ쌧{sDz8-32-73,_ސ쌧/{s/Dz/,139.63216,35.30637,5,6
ÓRڑQ,35.30464972,139.6150286,_ސ쌧{sÓ3-3-477,_ސ쌧/{s/Ó/O/R,139.61787,35.30574,5,7
DzUڑR,35.30462312,139.6279899,_ސ쌧{sDz6-16-31,_ސ쌧/{s/Dz/Z/PUԒn,139.62788,35.30508,5,7
DzUڌ,35.30392899,139.6273347,_ސ쌧{sDz6-17-40,_ސ쌧/{s/Dz/Z/PVԒn,139.62715,35.30359,5,7
~c,35.30347606,139.6320145,_ސ쌧{sDz7-58-22,_ސ쌧/{s/Dz//TWԒn,139.6328,35.30449,5,7
DzVڌ,35.30313919,139.6304477,_ސ쌧{sDz7-12-31,_ސ쌧/{s/Dz//PQԒn,139.63037,35.30316,5,7
DzUڑQ,35.30173181,139.6289023,_ސ쌧{sDz6-47-42,_ސ쌧/{s/Dz/Z/SVԒn,139.62885,35.30166,5,7
DzPڌ,35.29891113,139.6285176,_ސ쌧{sDz1-5-8,_ސ쌧/{s/Dz/꒚,139.62915,35.29946,5,6
DzRڌ,35.29872275,139.623374,_ސ쌧{sDz3-10-2,_ސ쌧/{s/Dz/O/POԒn,139.62212,35.29834,5,7
DzRڑQ,35.29856589,139.6208384,_ސ쌧{sDz3-33-3,_ސ쌧/{s/Dz/O/RRԒn,139.62054,35.29917,5,7
,35.29552929,139.6244838,_ސ쌧{sDz2-31-9,_ސ쌧/{s/Dz/񒚖/RPԒn,139.62465,35.2956,5,7
r̒Jˌ,35.29526628,139.6262845,_ސ쌧{scY6-1-28,_ސ쌧/{s/cY/Z/PԒn,139.62984,35.29604,5,7
`u,35.29503178,139.6301384,_ސ쌧{s`u1-1-91,_ސ쌧/{s/`u/꒚/P,139.63069,35.29562,5,7
cY,35.29444759,139.6318817,_ސ쌧{scY4-7-1,_ސ쌧/{s/cY/l,139.62601,35.29142,5,6
c̉Y,35.29109971,139.6457993,_ސ쌧{sY1-20-1,_ސ쌧/{s/Y/꒚/QOԒn,139.64642,35.29153,5,7
j,35.28992859,139.6474434,_ސ쌧{sj31-35,_ސ쌧/{s/j,139.64439,35.28613,5,5
cYPڌ,35.28872294,139.6361227,_ސ쌧{scY1-49-1,_ސ쌧/{s/cY/꒚,139.6366,35.2907,5,6
gq,35.28814793,139.6487535,_ސ쌧{sgq1-104,_ސ쌧/{s/gq/꒚,139.64806,35.28696,5,6
YQڌ,35.28694054,139.6431024,_ސ쌧{sY2-45-9,_ސ쌧/{s/Y/񒚖/STԒn,139.64334,35.28745,5,7
YRڑQ,35.28428005,139.6413823,_ސ쌧{sY3-106-1,_ސ쌧/{s/Y/O/POUԒn,139.6398,35.2836,5,7
EFVeB,35.28384288,139.6523914,_ސ쌧{s팩1-38-26,_ސ쌧/{s/팩/꒚/RWԒn,139.65201,35.2845,5,7
팩wZO,35.28331897,139.650772,_ސ쌧{s팩1-32,_ސ쌧/{s/팩/꒚/RQԒn,139.64909,35.28367,5,7
YRڌ,35.28211412,139.636071,_ސ쌧{sY3-60-3,_ސ쌧/{s/Y/O/UOԒn,139.6371,35.28227,5,7
jQ,35.28197758,139.6422671,_ސ쌧{sj17-16,_ސ쌧/{s/j/PV,139.64186,35.28279,5,7
`,35.28167206,139.6599005,_ސ쌧{s2-10-11,_ސ쌧/{s//񒚖/POԒn,139.65971,35.28143,5,7
팩Qڌ,35.28137615,139.6529579,_ސ쌧{s팩2-6-3,_ސ쌧/{s/팩/񒚖/UԒn,139.65364,35.28085,5,7
zK,35.28111427,139.6651442,_ސ쌧{s΂u33,_ސ쌧/{s/΂u,139.66702,35.28007,5,5
ÂPڌ,35.28105904,139.6680449,_ސ쌧{sÒ1-1,_ސ쌧/{s/Ò/꒚/P,139.69295,35.26335,5,7
팩,35.28083221,139.6479352,_ސ쌧{s팩2-9-5,_ސ쌧/{s/팩/񒚖/XԒn,139.64856,35.28098,5,7
TڑQ,35.28002068,139.6557027,_ސ쌧{s5-45-12,_ސ쌧/{s//ܒ/STԒn,139.65529,35.28019,5,7
\O,35.27989839,139.6381733,_ސ쌧{sR133-1,_ސ쌧/{s/R,139.63765,35.27612,5,5
Tڌ,35.27978107,139.6587341,_ސ쌧{s5-23-11,_ސ쌧/{s//ܒ/QRԒn,139.65778,35.27963,5,7
,35.27870504,139.6613778,_ސ쌧{s2-38-5,_ސ쌧/{s//񒚖/RWԒn,139.66154,35.27901,5,7
,35.27773339,139.6709756,_ސ쌧{sᏼ3-20,_ސ쌧/{s/ᏼ/O/QOԒn,139.67119,35.27726,5,7
팩Rڌ,35.27500599,139.6517388,_ސ쌧{s팩3-14-32,_ސ쌧/{s/팩/O/PSԒn,139.65193,35.2752,5,7
R,35.27492191,139.6682349,_ސ쌧{s㒬1-59-1,_ސ쌧/{s/㒬/꒚,139.66805,35.27648,5,6
{PڑQ,35.27367262,139.6586114,_ސ쌧{s{1-6-8,_ސ쌧/{s/{/꒚/UԒn,139.65791,35.27337,5,7
팩u,35.27253415,139.6495145,_ސ쌧{s팩u50-29,_ސ쌧/{s/팩u,139.64905,35.27189,5,5
Y,35.2725193,139.6773932,_ސ쌧{sY2-1,_ސ쌧/{s/Y/񒚖/PԒn,139.67738,35.27256,5,7
YQڌ,35.27220713,139.6799947,_ސ쌧{sY2-33-7,_ސ쌧/{s/Y/񒚖/RRԒn,139.67908,35.27246,5,7
팩Sڌ,35.27204308,139.6451373,_ސ쌧{s팩4-16-76,_ސ쌧/{s/팩/l/PUԒn,139.6443,35.27168,5,7
팩uR,35.2716213,139.6496509,_ސ쌧{s팩u6-23,_ސ쌧/{s/팩u/U,139.64638,35.27109,5,7
L̒،,35.27140371,139.6665918,_ސ쌧{s㒬4-74-4,_ސ쌧/{s/㒬/l/VSԒn,139.66718,35.2708,5,7
{Pڌ,35.2710149,139.656914,_ސ쌧{s{1-44-14,_ސ쌧/{s/{/꒚,139.65848,35.27203,5,6
팩uQ,35.27098806,139.6464213,_ސ쌧{s팩u11-2,_ސ쌧/{s/팩u/PP,139.64719,35.2706,5,7
rVڑQ,35.27064957,139.6458367,_ސ쌧{sr7n,_ސ쌧/{s/r/,139.64345,35.2692,5,6
rVڌ,35.27055193,139.6433432,_ސ쌧{sr7-31,_ސ쌧/{s/r//RP,139.64323,35.27045,5,7
{Rڌ,35.26948719,139.655219,_ސ쌧{s{3-10-27,_ސ쌧/{s/{/O/POԒn,139.65448,35.27043,5,7
㒬Rڌ,35.26948597,139.6707413,_ސ쌧{s㒬3-33-2,_ސ쌧/{s/㒬/O/RRԒn,139.6705,35.27014,5,7
YQ,35.2689501,139.680158,_ސ쌧{sY3-27,_ސ쌧/{s/Y/O/QVԒn,139.67969,35.2691,5,7
u,35.26818973,139.6518029,_ސ쌧{s{5-7-74,_ސ쌧/{s/{/ܒ/VԒn,139.65196,35.26917,5,7
rPڌ,35.26805678,139.6475926,_ސ쌧{sr1-3988,_ސ쌧/{s/r/꒚,139.64725,35.26769,5,6
rVڑR,35.26793989,139.6431408,_ސ쌧{sr7n,_ސ쌧/{s/r/,139.64345,35.2692,5,6
slRڌ,35.26793421,139.6584982,_ސ쌧{ssl3-18-14,_ސ쌧/{s/sl/O/PWԒn,139.65694,35.26812,5,7
߂uQڌ,35.2672805,139.6576349,_ސ쌧{s߂u2-13-4,_ސ쌧/{s/߂u/񒚖/PR,139.65767,35.26675,5,7
xm,35.26669679,139.6765721,_ސ쌧{sxm1-60-3,_ސ쌧/{s/xm/꒚/UOԒn,139.67625,35.26703,5,7
{,35.26637139,139.6563214,_ސ쌧{s߂u2-31-152,_ސ쌧/{s/߂u/񒚖,139.65718,35.26605,5,6
F,35.26582863,139.6698385,_ސ쌧{s쒬1-34-1,_ސ쌧/{s/쒬/꒚/RSԒn,139.67046,35.2655,5,7
r,35.26555453,139.644468,_ސ쌧{sr5-3950-9,_ސ쌧/{s/r/ܒ,139.64226,35.26455,5,6
JQ,35.26544516,139.6513969,_ސ쌧{sJ1-630-1,_ސ쌧/{s/J/꒚,139.65021,35.26495,5,6
ߊ}hSڌ,35.26516999,139.6557877,_ސ쌧{sߊ}h4-4,_ސ쌧/{s/ߊ}h/l/SԒn,139.65709,35.26467,5,7
JQڑR,35.26510834,139.654265,_ސ쌧{sJ2-409-48,_ސ쌧/{s/J/񒚖,139.653,35.26329,5,6
R,35.26507637,139.7310503,_ސ쌧{s2-698,_ސ쌧/{s//񒚖,139.73111,35.26176,5,6
Rڌ,35.26456284,139.6638763,_ސ쌧{s3-24-58,_ސ쌧/{s//O,139.66226,35.26315,5,6
JQڑQ,35.26445639,139.6543017,_ސ쌧{sJ2-409-47,_ސ쌧/{s/J/񒚖,139.653,35.26329,5,6
JQڌ,35.26413226,139.653715,_ސ쌧{sJ2-409-44,_ސ쌧/{s/J/񒚖,139.653,35.26329,5,6
Qڌ,35.26367298,139.7307921,_ސ쌧{s2-775-5,_ސ쌧/{s//񒚖,139.73111,35.26176,5,6
J,35.26367061,139.6512796,_ސ쌧{sJ1-487-2,_ސ쌧/{s/J/꒚,139.65021,35.26495,5,6
,35.26363433,139.6636569,_ސ쌧{s3-1-13,_ސ쌧/{s//O/P,139.66148,35.26402,5,7
nxC݌,35.26292928,139.7062679,_ސ쌧{snxC2-27,_ސ쌧/{s/nxC/񒚖/QV,139.70699,35.26041,5,7
ÂRڗΒn,35.26238343,139.6972812,_ސ쌧{sÒ3-51-7,_ސ쌧/{s/Ò/O,139.69504,35.25923,5,6
nxC݂Pڌ,35.26215169,139.7017772,_ސ쌧{snxC1-30-1,_ސ쌧/{s/nxC/꒚/RO,139.70177,35.26216,5,7
q,35.26191554,139.641039,_ސ쌧{sq1506-1,_ސ쌧/{s/q,139.63457,35.25644,5,5
nxC݂Rڌ,35.2618199,139.7114492,_ސ쌧{snxC3-28,_ސ쌧/{s/nxC/O/QW,139.71158,35.26121,5,7
ߊ}hSڑQ,35.26180252,139.6562916,_ސ쌧{sߊ}h4-5,_ސ쌧/{s/ߊ}h/l/TԒn,139.65663,35.26217,5,7
OtUڌ,35.26162156,139.681531,_ސ쌧{sOt6-95-18,_ސ쌧/{s/Ot/Z/XTԒn,139.68114,35.26179,5,7
Q,35.2615625,139.6500777,_ސ쌧{s8-3461,_ސ쌧/{s//,139.65019,35.26113,5,6
OtTڑQ,35.2614938,139.6852956,_ސ쌧{sOt5-9,_ސ쌧/{s/Ot/ܒ/XԒn,139.68452,35.26182,5,7
rRڌ,35.26146507,139.6464908,_ސ쌧{sr3-3629-2,_ސ쌧/{s/r/O,139.64731,35.2616,5,6
]m,35.26139228,139.6657876,_ސ쌧{s]m36-357,_ސ쌧/{s/]m,139.66353,35.2611,5,5
ߊ}hQ,35.26133012,139.6603086,_ސ쌧{sߊ}h3-67,_ސ쌧/{s/ߊ}h/O/UVԒn,139.66014,35.26169,5,7
݂,35.26102512,139.6493971,_ސ쌧{s8-3535,_ސ쌧/{s//,139.65019,35.26113,5,6
nxC݂Qڌ,35.26087029,139.7037711,_ސ쌧{snxC2-24,_ސ쌧/{s/nxC/񒚖/QS,139.70403,35.26076,5,7
Uڌ,35.26074265,139.6774139,_ސ쌧{s6-20,_ސ쌧/{s//Z/QOԒn,139.67484,35.25872,5,7
OtTڑR,35.26073701,139.687122,_ސ쌧{sOt5-29-28,_ސ쌧/{s/Ot/ܒ/QXԒn,139.68903,35.26133,5,7
nxC݂QڑQ,35.26055445,139.7060915,_ސ쌧{snxC2-28,_ސ쌧/{s/nxC/񒚖/QW,139.70636,35.26091,5,7
ÂTڌ,35.26039773,139.6963036,_ސ쌧{sÒ5-47,_ސ쌧/{s/Ò/ܒ,139.68785,35.2589,5,6
,35.26031961,139.7344353,_ސ쌧{s2-950-30,_ސ쌧/{s//񒚖,139.73111,35.26176,5,6
ߊ}hQڌ,35.26014092,139.6622525,_ސ쌧{sߊ}h2-56,_ސ쌧/{s/ߊ}h/񒚖/TUԒn,139.66252,35.25934,5,7
,35.26003524,139.6535284,_ސ쌧{s7-3120-1,_ސ쌧/{s//,139.65175,35.25889,5,6
nxC݂Sڌ,35.25994179,139.7122795,_ސ쌧{snxC4-88,_ސ쌧/{s/nxC/l,139.71364,35.26176,5,6
Â傤iÂRځj,35.25972906,139.6861789,_ސ쌧{sÒ3-51-2,_ސ쌧/{s/Ò/O,139.69504,35.25923,5,6
hnJ,35.25950395,139.6466915,_ސ쌧{s5-1544-65,_ސ쌧/{s//ܒ,139.64594,35.2577,5,6
OtTڌ,35.25938457,139.6832717,_ސ쌧{sOt5-72-1,_ސ쌧/{s/Ot/ܒ/VQԒn,139.68356,35.25972,5,7
nxRڑQ,35.25914695,139.7125964,_ސ쌧{snx3-30-47,_ސ쌧/{s/nx/O,139.71057,35.25838,5,6
nxSڌ,35.25900949,139.7141531,_ސ쌧{snx4-5,_ސ쌧/{s/nx/l/T,139.71448,35.25856,5,7
U,35.25892932,139.6790223,_ސ쌧{s5-46-36,_ސ쌧/{s//ܒ/SUԒn,139.67915,35.25858,5,7
Rڌ,35.25867407,139.6728826,_ސ쌧{s3-60-61,_ސ쌧/{s//O/UOԒn,139.67308,35.25957,5,7
̒Ì,35.25867259,139.7058058,_ސ쌧{snx2-35,_ސ쌧/{s/nx/񒚖,139.70547,35.25822,5,6
nxSڑQ,35.25865491,139.7145624,_ސ쌧{snx4-5-134,_ސ쌧/{s/nx/l/T,139.71448,35.25856,5,7
nxRڌ,35.25851064,139.7077404,_ސ쌧{snx3-78-88,_ސ쌧/{s/nx/O,139.71057,35.25838,5,6
ߊ}h,35.25850929,139.6581953,_ސ쌧{sߊ}h3-1-1,_ސ쌧/{s/ߊ}h/O/PԒn,139.65862,35.25884,5,7
ߊ}hPڌ,35.25838061,139.6636668,_ސ쌧{sߊ}h1-45,_ސ쌧/{s/ߊ}h/꒚/STԒn,139.66364,35.25842,5,7
nxSڑR,35.25832565,139.7156176,_ސ쌧{snx4-5,_ސ쌧/{s/nx/l/T,139.71448,35.25856,5,7
uPڑQ,35.25827672,139.7020528,_ސ쌧{su1-41,_ސ쌧/{s/u/꒚/SP,139.70131,35.25294,5,7
Q,35.25825574,139.6738558,_ސ쌧{s3-92,_ސ쌧/{s//O/XQԒn,139.67387,35.25708,5,7
T,35.25812932,139.6794002,_ސ쌧{s5-111-3,_ސ쌧/{s//ܒ/PPPԒn,139.68059,35.25766,5,7
PڂԂ̂,35.25731438,139.6523378,_ސ쌧{s1-2953,_ސ쌧/{s//꒚,139.65469,35.257,5,6
S,35.25717593,139.7288305,_ސ쌧{s1583,_ސ쌧/{s/,139.72662,35.25452,5,5
Sڌ,35.25709241,139.6752767,_ސ쌧{s4-65,_ސ쌧/{s//l/UTԒn,139.67525,35.25787,5,7
ݑT,35.25683836,139.6842848,_ސ쌧{sݒ5-76,_ސ쌧/{s/ݒ/ܒ,139.68303,35.25575,5,6
Q,35.2567144,139.7270852,_ސ쌧{s2097,_ސ쌧/{s/,139.72662,35.25452,5,5
T,35.25661815,139.7288686,_ސ쌧{s1674,_ސ쌧/{s/,139.72662,35.25452,5,5
Ó썑ۑPڌ,35.25659673,139.6092409,_ސ쌧{sÓ썑ۑ1-3209,_ސ쌧/{s/Ó썑ۑ/꒚,139.60699,35.25455,5,6
R,35.25642243,139.7278049,_ސ쌧{s2097,_ސ쌧/{s/,139.72662,35.25452,5,5
R,35.25638475,139.6723827,_ސ쌧{s3-121-4,_ސ쌧/{s//O/PQPԒn,139.67238,35.25622,5,7
rcPڑS,35.25619076,139.6958474,_ސ쌧{src1-6,_ސ쌧/{s/rc/꒚/U,139.69473,35.25077,5,7
YPڌ,35.25618798,139.7093816,_ސ쌧{sY1-2,_ސ쌧/{s/Y/꒚/Q,139.71646,35.25303,5,7
uQڑR,35.25603363,139.7083058,_ސ쌧{su2-13-1,_ސ쌧/{s/u/񒚖/PR,139.70604,35.2565,5,7
叹,35.25586723,139.6980844,_ސ쌧{snx1-93,_ސ쌧/{s/nx/꒚,139.69876,35.25801,5,6
,35.25582689,139.668196,_ސ쌧{s2-14,_ސ쌧/{s//񒚖/PSԒn,139.66725,35.25628,5,7
Rڌ,35.25568514,139.734422,_ސ쌧{s3-961,_ސ쌧/{s//O,139.73547,35.25335,5,6
uQڑQ,35.25560996,139.7036857,_ސ쌧{su2-92,_ސ쌧/{s/u/񒚖,139.70636,35.25585,5,6
uQڌ,35.25560112,139.705459,_ސ쌧{su2-5,_ސ쌧/{s/u/񒚖/T,139.70755,35.25751,5,7
RڑR,35.25556611,139.7316488,_ސ쌧{s3-1359,_ސ쌧/{s//O,139.73547,35.25335,5,6
Ygl̏,35.25550975,139.7138651,_ސ쌧{sY3-52,_ސ쌧/{s/Y/O,139.71532,35.25449,5,6
uPڑR,35.25548777,139.7023804,_ސ쌧{su1-91,_ސ쌧/{s/u/꒚,139.70061,35.25572,5,6
S,35.25510911,139.671757,_ސ쌧{s1-51-1,_ސ쌧/{s//꒚/TPԒn,139.67226,35.25502,5,7
ݑQ,35.25485349,139.6795945,_ސ쌧{sݒ4-15,_ސ쌧/{s/ݒ/l/PT,139.67961,35.25485,5,7
uPڌ,35.2548252,139.7000603,_ސ쌧{su1-35,_ސ쌧/{s/u/꒚/RT,139.70015,35.25439,5,7
rcPڑR,35.25467087,139.6958613,_ސ쌧{src1-6,_ސ쌧/{s/rc/꒚/U,139.69473,35.25077,5,7
,35.2546447,139.6752459,_ސ쌧{s4-9,_ސ쌧/{s//l/XԒn,139.67551,35.25456,5,7
,35.25458399,139.7271276,_ސ쌧{s25,_ސ쌧/{s//QT,139.72713,35.25455,5,7
tPڌ,35.25378085,139.7203008,_ސ쌧{st1-2196,_ސ쌧/{s/t/꒚,139.72043,35.25313,5,6
Y,35.25357801,139.7121806,_ސ쌧{sY2-27,_ސ쌧/{s/Y/񒚖/QV,139.71269,35.25323,5,7
rcPڌ,35.25346006,139.6934225,_ސ쌧{src1-65,_ސ쌧/{s/rc/꒚,139.6946,35.25447,5,6
Pڌ,35.25265382,139.7263899,_ސ쌧{s1-21,_ސ쌧/{s//꒚/QP,139.7263,35.25266,5,7
gSڌ,35.25264034,139.7016554,_ސ쌧{sg4-8,_ސ쌧/{s/g/l/W,139.70148,35.25263,5,7
RڑQ,35.25219815,139.7349016,_ސ쌧{s3-777,_ސ쌧/{s//O,139.73547,35.25335,5,6
YRڌ,35.2521927,139.7094375,_ސ쌧{sY3-4,_ސ쌧/{s/Y/O/S,139.71368,35.24837,5,7
PڑQ,35.2518994,139.6698295,_ސ쌧{s1-1366,_ސ쌧/{s//꒚,139.66913,35.25278,5,6
rcPڑQ,35.25176777,139.694029,_ސ쌧{src1-44,_ސ쌧/{s/rc/꒚,139.6946,35.25447,5,6
ݑR,35.25154425,139.6818242,_ސ쌧{sݒ3-18,_ސ쌧/{s/ݒ/O/PW,139.68184,35.25148,5,7
ݑS,35.25143689,139.6864342,_ސ쌧{sݒ1-55,_ސ쌧/{s/ݒ/꒚,139.68651,35.25349,5,6
XQڌ,35.25113876,139.6781093,_ސ쌧{sX2-399,_ސ쌧/{s/X/񒚖,139.6795,35.24831,5,6
݂,35.25107854,139.7285353,_ސ쌧{s1-2547,_ސ쌧/{s//꒚,139.72726,35.24979,5,6
YRڑQ,35.25098661,139.7107079,_ސ쌧{sY3-30,_ސ쌧/{s/Y/O,139.71117,35.25098,5,6
,35.2509635,139.7316824,_ސ쌧{s3-691,_ސ쌧/{s//O,139.73547,35.25335,5,6
,35.25085443,139.7229395,_ސ쌧{st1-2196,_ސ쌧/{s/t/꒚,139.72043,35.25313,5,6
gSڑQ,35.25073583,139.7040336,_ސ쌧{sg4-18,_ސ쌧/{s/g/l/PW,139.70418,35.25047,5,7
gRڌ,35.25065843,139.6986947,_ސ쌧{sg3-16,_ސ쌧/{s/g/O/PU,139.69923,35.25047,5,7
HJ,35.25063333,139.5920937,_ސ쌧{sHJ4540,_ސ쌧/{s/HJ/STSOԒn,139.59132,35.25125,5,7
݂Q,35.25059698,139.7271731,_ސ쌧{s1-2578,_ސ쌧/{s//꒚,139.72726,35.24979,5,6
HJQ,35.2504551,139.5911415,_ސ쌧{sHJ5260,_ސ쌧/{s/HJ/TQUOԒn,139.59132,35.25125,5,7
rcRڌ,35.25024995,139.6949862,_ސ쌧{src3-9,_ސ쌧/{s/rc/O/X,139.69484,35.24801,5,7
PڑR,35.25003543,139.6697143,_ސ쌧{s1-1369,_ސ쌧/{s//꒚,139.66913,35.25278,5,6
c,35.24958725,139.7208543,_ސ쌧{st2-2277,_ސ쌧/{s/t/񒚖,139.72173,35.24813,5,6
rcQ,35.24957157,139.6929085,_ސ쌧{src6-49,_ސ쌧/{s/rc/Z,139.69046,35.24889,5,6
X,35.2495285,139.6825036,_ސ쌧{sX1-7-12,_ސ쌧/{s/X/꒚/V,139.68245,35.24957,5,7
rc,35.24931585,139.6940122,_ސ쌧{src2-11,_ސ쌧/{s/rc/񒚖/PP,139.69356,35.24732,5,7
YTڑS,35.24919839,139.7096895,_ސ쌧{sY5-60,_ސ쌧/{s/Y/ܒ/UO,139.70514,35.24653,5,7
XUڌ,35.24910378,139.6730675,_ސ쌧{sX6-1287,_ސ쌧/{s/X/Z,139.67178,35.24852,5,6
gQڑR,35.24906302,139.7020913,_ސ쌧{sg2-14,_ސ쌧/{s/g/񒚖/PS,139.7029,35.24921,5,7
rcR,35.24863359,139.6904096,_ސ쌧{src6-80,_ސ쌧/{s/rc/Z,139.69046,35.24889,5,6
QڑQ,35.24825356,139.7303533,_ސ쌧{s2-286,_ސ쌧/{s//񒚖,139.72942,35.2448,5,6
XSڌ,35.24801568,139.6734952,_ސ쌧{sX4-1731,_ސ쌧/{s/X/l,139.67375,35.24765,5,6
va,35.24799859,139.5926246,_ސ쌧{sHJ4424,_ސ쌧/{s/HJ/SSQSԒn,139.59212,35.24873,5,7
YTڌ,35.24798684,139.7048292,_ސ쌧{sY5-33,_ސ쌧/{s/Y/ܒ/RR,139.70763,35.24825,5,7
PڑQ,35.24791099,139.7251544,_ސ쌧{s1-2825,_ސ쌧/{s//꒚,139.72726,35.24979,5,6
gQڑQ,35.24778934,139.7003239,_ސ쌧{sg2-7,_ސ쌧/{s/g/񒚖/V,139.70012,35.24567,5,7
rcS,35.24769579,139.6896901,_ސ쌧{src6-61,_ސ쌧/{s/rc/Z,139.69046,35.24889,5,6
YTڑR,35.24764574,139.7068836,_ސ쌧{sY5-50,_ސ쌧/{s/Y/ܒ/TO,139.70642,35.24857,5,7
gPڌ,35.24746485,139.7034217,_ސ쌧{sg1-161,_ސ쌧/{s/g/꒚,139.70317,35.24305,5,6
R蒆,35.24744281,139.6978708,_ސ쌧{sg2-5,_ސ쌧/{s/g/񒚖/T,139.69774,35.24697,5,7
XUڑQ,35.24726811,139.6695732,_ސ쌧{sX6-1287,_ސ쌧/{s/X/Z,139.67178,35.24852,5,6
S,35.24719401,139.7283542,_ސ쌧{s2-157,_ސ쌧/{s//񒚖,139.72942,35.2448,5,6
Rڌ,35.24707011,139.6661829,_ސ쌧{s3-1249,_ސ쌧/{s//O,139.66794,35.24855,5,6
rcT,35.2469296,139.6908608,_ސ쌧{src6-90,_ސ쌧/{s/rc/Z,139.69046,35.24889,5,6
YTڑT,35.24689399,139.709102,_ސ쌧{sY5-87,_ސ쌧/{s/Y/ܒ,139.70909,35.24804,5,6
XQ,35.2467583,139.6780925,_ސ쌧{sX3-296,_ސ쌧/{s/X/O,139.67792,35.24579,5,6
rcRڑQ,35.24654585,139.6956838,_ސ쌧{src3-2,_ސ쌧/{s/rc/O/Q,139.69582,35.24614,5,7
Qڌ,35.24628519,139.731214,_ސ쌧{s2-296,_ސ쌧/{s//񒚖,139.72942,35.2448,5,6
tQڌ,35.24625357,139.7229155,_ސ쌧{st2-2977,_ސ쌧/{s/t/񒚖,139.72173,35.24813,5,6
tQڑQ,35.24622975,139.7247833,_ސ쌧{st2-2984,_ސ쌧/{s/t/񒚖,139.72173,35.24813,5,6
rcRڑR,35.24597954,139.6936113,_ސ쌧{src3-1,_ސ쌧/{s/rc/O/P,139.69739,35.24566,5,7
rcz̋{O,35.24597359,139.6921431,_ސ쌧{src2-46,_ސ쌧/{s/rc/񒚖,139.69345,35.24782,5,6
YTڑQ,35.24592453,139.7054158,_ސ쌧{sY5-42,_ސ쌧/{s/Y/ܒ/SQ,139.70724,35.24657,5,7
gQڌ,35.24575839,139.6994951,_ސ쌧{sg2-6,_ސ쌧/{s/g/񒚖/U,139.69931,35.24663,5,7
YPڌ,35.24572693,139.7200715,_ސ쌧{sY1-49-10,_ސ쌧/{s/Y/꒚,139.7182,35.24799,5,6
rcTڌ,35.24538027,139.6902273,_ސ쌧{src5-29,_ސ쌧/{s/rc/ܒ,139.68867,35.24602,5,6
XTڌ,35.24532661,139.6668069,_ސ쌧{sX5-121,_ސ쌧/{s/X/ܒ,139.6675,35.24501,5,6
XR,35.24529292,139.6735833,_ސ쌧{sX4-1748,_ސ쌧/{s/X/l,139.67375,35.24765,5,6
YuQڌ,35.24509887,139.7132098,_ސ쌧{sYu2-3,_ސ쌧/{s/Yu/񒚖/R,139.71245,35.24533,5,7
Q,35.24455967,139.7279587,_ސ쌧{s2-142,_ސ쌧/{s//񒚖,139.72942,35.2448,5,6
XRڌ,35.24455637,139.6755125,_ސ쌧{sX3-405,_ސ쌧/{s/X/O,139.67792,35.24579,5,6
ߊ},35.24398598,139.6608154,_ސ쌧{sߊ}28,_ސ쌧/{s/ߊ}/QW,139.65581,35.24591,5,7
YVڌ,35.2439118,139.7148007,_ސ쌧{sY7-1-1,_ސ쌧/{s/Y//P,139.715,35.24493,5,7
ߊ}Zg,35.24326589,139.6604224,_ސ쌧{sߊ}74,_ސ쌧/{s/ߊ},139.65628,35.24193,5,5
YQڌ,35.24312074,139.7240348,_ސ쌧{sY2-70-10,_ސ쌧/{s/Y/񒚖,139.72346,35.24263,5,6
R,35.24286091,139.7304755,_ސ쌧{s2-40,_ސ쌧/{s//񒚖/SO,139.73065,35.2432,5,7
YuPڌ,35.24264956,139.7103254,_ސ쌧{sYu1-29,_ސ쌧/{s/Yu/꒚,139.70898,35.24346,5,6
MqQڌ,35.2426386,139.6993227,_ސ쌧{sMq2-330,_ސ쌧/{s/Mq/񒚖,139.69897,35.24105,5,6
YuPڑQ,35.24253043,139.7076392,_ސ쌧{sYu1-31,_ސ쌧/{s/Yu/꒚,139.70898,35.24346,5,6
YuRڌ,35.24244432,139.715415,_ސ쌧{sYu3-31,_ސ쌧/{s/Yu/O,139.71587,35.24271,5,6
,35.24222784,139.6759791,_ސ쌧{s2-14,_ސ쌧/{s//񒚖/PS,139.67587,35.24222,5,7
Y,35.24165594,139.7252742,_ސ쌧{sY2-70-4,_ސ쌧/{s/Y/񒚖,139.72346,35.24263,5,6
YЂ܂(YRځj,35.2411042,139.7086197,_ސ쌧{sYu1-104-27,_ސ쌧/{s/Yu/꒚,139.70898,35.24346,5,6
,35.24069116,139.6797629,_ސ쌧{s1-12,_ސ쌧/{s//꒚/PQ,139.67981,35.2407,5,7
Rڌ,35.24064009,139.6841199,_ސ쌧{s3-4,_ސ쌧/{s//O/S,139.68332,35.24078,5,7
Q(YQ),35.24051233,139.7120961,_ސ쌧{s20,_ސ쌧/{s//QO,139.71109,35.23872,5,7
Sڌ,35.24032816,139.6846808,_ސ쌧{s4-2,_ސ쌧/{s//l/Q,139.68552,35.24022,5,7
SڑQ,35.2397596,139.6871767,_ސ쌧{s4-7,_ސ쌧/{s//l/V,139.68655,35.23992,5,7
Q,35.23964235,139.6723522,_ސ쌧{s3-12-1,_ސ쌧/{s//O/PQ,139.67342,35.24028,5,7
؏,35.23953085,139.6706728,_ސ쌧{s5-855,_ސ쌧/{s//ܒ,139.66656,35.23896,5,6
iYj,35.23948234,139.7091583,_ސ쌧{s20,_ސ쌧/{s//QO,139.71109,35.23872,5,7
Rȑ,35.23941305,139.6584048,_ސ쌧{sRȑ23-14,_ސ쌧/{s/Rȑ/QR,139.6562,35.23748,5,7
RڑR,35.23926192,139.6734931,_ސ쌧{s3-677-84,_ސ쌧/{s//O,139.67455,35.23807,5,6
RڑQ,35.23922552,139.6811988,_ސ쌧{s3-1172,_ސ쌧/{s//O,139.68076,35.236,5,6
,35.23893913,139.6681304,_ސ쌧{s5-25-13,_ސ쌧/{s//ܒ/QT,139.66779,35.2389,5,7
HJQڌ,35.2385517,139.6024154,_ސ쌧{sHJ2-280,_ސ쌧/{s/HJ/񒚖,139.6064,35.23967,5,6
Y,35.23854797,139.7150626,_ސ쌧{sY4,_ސ쌧/{s/Y/S,139.7153,35.23852,5,7
RڑQ,35.23854738,139.6775236,_ސ쌧{s3-22-1,_ސ쌧/{s//O/QQ,139.67709,35.23845,5,7
ᕗiMqQj,35.23822865,139.7082199,_ސ쌧{s1,_ސ쌧/{s//P,139.71272,35.23846,5,7
SڑR,35.23793599,139.6907316,_ސ쌧{s4-235,_ސ쌧/{s//l,139.68556,35.23607,5,6
RiYRj,35.23777063,139.7110397,_ސ쌧{s20,_ސ쌧/{s//QO,139.71109,35.23872,5,7
YC݌,35.23763836,139.7216505,_ސ쌧{sY4-8,_ސ쌧/{s/Y/l/W,139.72183,35.2373,5,7
{QiMqRj,35.23750365,139.7026143,_ސ쌧{s{2017,_ސ쌧/{s/{,139.70514,35.23724,5,5
{iMqj,35.23673236,139.704872,_ސ쌧{s{90,_ސ쌧/{s/{,139.70514,35.23724,5,5
YQ,35.23670047,139.7145097,_ސ쌧{sY15,_ސ쌧/{s/Y,139.71487,35.23785,5,5
v䗢Pڌ,35.23643517,139.7079764,_ސ쌧{sv䗢1-433,_ސ쌧/{s/v䗢/꒚,139.70694,35.23484,5,6
Rڌ,35.23630945,139.675352,_ސ쌧{s3-582-13,_ސ쌧/{s//O,139.67455,35.23807,5,6
HJPڌ,35.23591407,139.6078516,_ސ쌧{sHJ1-724,_ސ쌧/{s/HJ/꒚,139.60559,35.23659,5,6
Sڌ,35.23577351,139.6742228,_ސ쌧{s4-553-120,_ސ쌧/{s//l,139.67102,35.23581,5,6
vlPڌ,35.23542188,139.7139702,_ސ쌧{svl1-18,_ސ쌧/{s/vl/꒚,139.71323,35.23558,5,6
vlQڌ,35.23514605,139.7161056,_ސ쌧{svl2-25,_ސ쌧/{s/vl/񒚖/QT,139.71524,35.23539,5,7
v䗢,35.23484738,139.7078047,_ސ쌧{sv䗢2-392,_ސ쌧/{s/v䗢/񒚖,139.71078,35.23255,5,6
RڑR,35.23474388,139.6793715,_ސ쌧{s3-1328,_ސ쌧/{s//O,139.68076,35.236,5,6
Y,35.23468243,139.6936692,_ސ쌧{s5-285,_ސ쌧/{s//ܒ,139.69069,35.23478,5,6
vlQڑQ,35.2334474,139.7149221,_ސ쌧{svl2-33,_ސ쌧/{s/vl/񒚖,139.71497,35.23421,5,6
˂SڑQ,35.23244762,139.6704656,_ސ쌧{s4-73,_ސ쌧/{s//l,139.66937,35.23136,5,6
˂Tڌ,35.2319387,139.6649535,_ސ쌧{s5-10,_ސ쌧/{s//ܒ/PO,139.66599,35.2305,5,7
vlQڑQ,35.23117452,139.6962966,_ސ쌧{svl2-2,_ސ쌧/{s/vl/񒚖/Q,139.7009,35.22931,5,7
,35.23055229,139.7175649,_ސ쌧{s2-162,_ސ쌧/{s//񒚖,139.71973,35.2309,5,6
vlQڌ,35.23043378,139.6980377,_ސ쌧{svl2-18,_ސ쌧/{s/vl/񒚖/PW,139.6982,35.23122,5,7
vlTڑQ,35.23026683,139.7061864,_ސ쌧{svl5-1790,_ސ쌧/{s/vl/ܒ,139.70496,35.22927,5,6
,35.23006808,139.6302615,_ސ쌧{s3-2035,_ސ쌧/{s//O,139.62692,35.22922,5,6
PڑT,35.23005706,139.6543499,_ސ쌧{s1-1281,_ސ쌧/{s//꒚,139.65462,35.22699,5,6
PڑS,35.22997758,139.6555929,_ސ쌧{s1-2044,_ސ쌧/{s//꒚,139.65462,35.22699,5,6
cPڑR,35.22984218,139.6796972,_ސ쌧{sc1-1312,_ސ쌧/{s/c/꒚,139.67885,35.22872,5,6
̋uS,35.22956181,139.6162232,_ސ쌧{s̋u1-1-3,_ސ쌧/{s/̋u/꒚/P,139.61378,35.22979,5,7
,35.22952459,139.7019697,_ސ쌧{svl4-74,_ސ쌧/{s/vl/l,139.70297,35.23006,5,6
Pڌ,35.22947665,139.6036375,_ސ쌧{s1-375,_ސ쌧/{s//꒚,139.60997,35.23206,5,6
TڑR,35.22947546,139.6492498,_ސ쌧{s5-1142,_ސ쌧/{s//ܒ,139.6496,35.22889,5,6
˂Sڌ,35.22939266,139.6702766,_ސ쌧{s4-58,_ސ쌧/{s//l,139.66937,35.23136,5,6
PڑR,35.22920157,139.6527545,_ސ쌧{s1-1317,_ސ쌧/{s//꒚,139.65462,35.22699,5,6
Q,35.22841736,139.7162022,_ސ쌧{s1-13,_ސ쌧/{s//꒚/PR,139.71626,35.22842,5,7
˂Rڌ,35.22841333,139.6745445,_ސ쌧{s3-364,_ސ쌧/{s//O,139.67276,35.23052,5,6
˂RڑQ,35.22832273,139.6722864,_ސ쌧{s3-364,_ސ쌧/{s//O,139.67276,35.23052,5,6
R,35.22827248,139.7152499,_ސ쌧{s1-9,_ސ쌧/{s//꒚/X,139.71529,35.22857,5,7
PڑQ,35.22821576,139.6553144,_ސ쌧{s1-1843,_ސ쌧/{s//꒚,139.65462,35.22699,5,6
S,35.22816715,139.7140202,_ސ쌧{s1-3,_ސ쌧/{s//꒚/R,139.714,35.22822,5,7
vlTڌ,35.22814501,139.7051458,_ސ쌧{svl5-621,_ސ쌧/{s/vl/ܒ,139.70496,35.22927,5,6
cPڌ,35.22810056,139.6803042,_ސ쌧{sc1-1228,_ސ쌧/{s/c/꒚,139.67885,35.22872,5,6
cPڑQ,35.22799694,139.6774403,_ސ쌧{sc1-1257-46,_ސ쌧/{s/c/꒚,139.67885,35.22872,5,6
nChRڑQ,35.22784992,139.6850511,_ސ쌧{snCh3-1336,_ސ쌧/{s/nCh/O,139.68643,35.22659,5,6
TڑQ,35.22778498,139.6476436,_ސ쌧{s5-1108,_ސ쌧/{s//ܒ,139.6496,35.22889,5,6
̋uR,35.22775565,139.6105437,_ސ쌧{s̋u2-757,_ސ쌧/{s/̋u/񒚖,139.61096,35.22704,5,6
Tڌ,35.22768734,139.6444897,_ސ쌧{s5-1033,_ސ쌧/{s//ܒ,139.6496,35.22889,5,6
Q,35.22746537,139.6273832,_ސ쌧{s3-790,_ސ쌧/{s//O,139.62692,35.22922,5,6
Pڌ,35.22728614,139.6516344,_ސ쌧{s1-1520,_ސ쌧/{s//꒚,139.65462,35.22699,5,6
cQڑT,35.2270599,139.678851,_ސ쌧{sc2-1247,_ސ쌧/{s/c/񒚖,139.68079,35.22582,5,6
R,35.22701939,139.62552,_ސ쌧{s3-790,_ސ쌧/{s//O,139.62692,35.22922,5,6
vl,35.22662477,139.7071511,_ސ쌧{svl6-642-6,_ސ쌧/{s/vl/Z,139.70786,35.22739,5,6
Q,35.22655668,139.6985089,_ސ쌧{svl3-93,_ސ쌧/{s/vl/O,139.69756,35.22482,5,6
cQڑR,35.22622701,139.6820271,_ސ쌧{sc2-1209,_ސ쌧/{s/c/񒚖,139.68079,35.22582,5,6
vlUڌ,35.22605503,139.7065172,_ސ쌧{svl6-1720,_ސ쌧/{s/vl/Z,139.70786,35.22739,5,6
nChRڌ,35.2260182,139.687881,_ސ쌧{snCh3-1427,_ސ쌧/{s/nCh/O,139.68643,35.22659,5,6
cQڑU,35.22593313,139.6776793,_ސ쌧{sc2-1274,_ސ쌧/{s/c/񒚖,139.68079,35.22582,5,6
̋uQ,35.22567714,139.615015,_ސ쌧{s̋u1-249,_ސ쌧/{s/̋u/꒚,139.61615,35.22784,5,6
vlRڌ,35.22555132,139.6957225,_ސ쌧{svl3-182,_ސ쌧/{s/vl/O,139.69756,35.22482,5,6
cQڑQ,35.22548861,139.6827942,_ސ쌧{sc2-1198,_ސ쌧/{s/c/񒚖,139.68079,35.22582,5,6
̋uQ,35.22545988,139.6683586,_ސ쌧{s̋u4164,_ސ쌧/{s/̋u,139.67091,35.22462,5,5
̋u,35.22543173,139.6127563,_ސ쌧{s̋u2-856,_ސ쌧/{s/̋u/񒚖,139.61096,35.22704,5,6
cQڑS,35.22525343,139.6799982,_ސ쌧{sc2-1243,_ސ쌧/{s/c/񒚖,139.68079,35.22582,5,6
SڑQ,35.22494579,139.6420155,_ސ쌧{s4-971,_ސ쌧/{s//l,139.64285,35.22463,5,6
SڑR,35.2249246,139.6441932,_ސ쌧{s4-971,_ސ쌧/{s//l,139.64285,35.22463,5,6
,35.22472261,139.6295406,_ސ쌧{s230,_ސ쌧/{s/,139.63139,35.22868,5,5
nChTڌ,35.22470895,139.6935375,_ސ쌧{snCh5-1618,_ސ쌧/{s/nCh/ܒ,139.6947,35.22292,5,6
caQڌ,35.22437686,139.6316687,_ސ쌧{sca2-1962,_ސ쌧/{s/ca/񒚖,139.63217,35.22374,5,6
Sڌ,35.22364892,139.6435814,_ސ쌧{s4-1011,_ސ쌧/{s//l,139.64285,35.22463,5,6
cQڌ,35.22335798,139.682662,_ސ쌧{sc2-1148,_ސ쌧/{s/c/񒚖,139.68079,35.22582,5,6
nChSڌ,35.22311517,139.6924977,_ސ쌧{snCh4-1492,_ސ쌧/{s/nCh/l,139.69157,35.22532,5,6
caPڌ,35.22257095,139.6367303,_ސ쌧{sca1-1071,_ސ쌧/{s/ca/꒚,139.63672,35.2233,5,6
nChPڑQ,35.22250325,139.6907814,_ސ쌧{snCh1-1526,_ސ쌧/{s/nCh/꒚,139.69147,35.22088,5,6
R,35.22201872,139.6408753,_ސ쌧{s1-2209,_ސ쌧/{s//꒚,139.64041,35.22192,5,6
caPڑQ,35.22180092,139.6368271,_ސ쌧{sca1-1071,_ސ쌧/{s/ca/꒚,139.63672,35.2233,5,6
nChQڑQ,35.2217135,139.686781,_ސ쌧{snCh2-1131,_ސ쌧/{s/nCh/񒚖,139.68636,35.22181,5,6
Rڌ,35.22141889,139.6432027,_ސ쌧{s3-138,_ސ쌧/{s//O,139.64709,35.2211,5,6
caPڑR,35.22111279,139.6367338,_ސ쌧{sca1-1465,_ސ쌧/{s/ca/꒚,139.63672,35.2233,5,6
тPڌ,35.22082478,139.6379051,_ސ쌧{s1-2455,_ސ쌧/{s//꒚,139.64041,35.22192,5,6
caPڑS,35.22067576,139.6367243,_ސ쌧{sca1-1465,_ސ쌧/{s/ca/꒚,139.63672,35.2233,5,6
vlWڌ,35.22061367,139.712061,_ސ쌧{svl8-11,_ސ쌧/{s/vl//PP,139.7115,35.22097,5,7
nChPڌ,35.2206,139.6931424,_ސ쌧{snCh1-1686,_ސ쌧/{s/nCh/꒚,139.69147,35.22088,5,6
nChQڌ,35.22003059,139.6851485,_ސ쌧{snCh2-816,_ސ쌧/{s/nCh/񒚖,139.68636,35.22181,5,6
тQڌ,35.21989215,139.6398654,_ސ쌧{s2-1151,_ސ쌧/{s//񒚖,139.63564,35.2179,5,6
_Q,35.21857361,139.7108867,_ސ쌧{s_1821,_ސ쌧/{s/_/PWQPԒn,139.70871,35.21789,5,7
тQڑQ,35.21815953,139.6344928,_ސ쌧{s2-1303,_ސ쌧/{s//񒚖,139.63564,35.2179,5,6
䂵ܓc,35.21803207,139.683074,_ސ쌧{s1-1002-7,_ސ쌧/{s//꒚,139.68542,35.21712,5,6
тRڑR,35.21729349,139.6416278,_ސ쌧{s3-881,_ސ쌧/{s//O,139.64453,35.21557,5,6
тRڌ,35.21717697,139.6431967,_ސ쌧{s3-434,_ސ쌧/{s//O/SRSԒn,139.64247,35.21679,5,7
͂ȂQ,35.21684256,139.691467,_ސ쌧{s3-1851-50,_ސ쌧/{s//O,139.69168,35.21358,5,6
тRڑQ,35.21622298,139.6418808,_ސ쌧{s3-887,_ސ쌧/{s//O,139.64453,35.21557,5,6
͂ȂR,35.21603821,139.689259,_ސ쌧{s3-1851-51,_ސ쌧/{s//O,139.69168,35.21358,5,6
͂Ȃ,35.21583185,139.6920757,_ސ쌧{s3-2005-9,_ސ쌧/{s//O,139.69168,35.21358,5,6
䓌m,35.21512661,139.6981971,_ސ쌧{s4-2500-6,_ސ쌧/{s//l,139.69618,35.2168,5,6
䏼t,35.21343536,139.6916774,_ސ쌧{s3-2093-6,_ސ쌧/{s//O,139.69168,35.21358,5,6
䏼tR,35.21310596,139.6930597,_ސ쌧{s3-2076-4,_ސ쌧/{s//O,139.69168,35.21358,5,6
,35.21299801,139.681513,_ސ쌧{s3-2025,_ސ쌧/{s//O,139.68239,35.21173,5,6
䏼tQ,35.21279152,139.6914992,_ސ쌧{s3-2094-4,_ސ쌧/{s//O,139.69168,35.21358,5,6
Q,35.21232364,139.6837574,_ސ쌧{s3-1842,_ސ쌧/{s//O,139.68239,35.21173,5,6
䒆,35.21194382,139.6877126,_ސ쌧{s2-325-22,_ސ쌧/{s//񒚖,139.68802,35.21033,5,6
тTڌ,35.21100575,139.6336461,_ސ쌧{s5-1262-8,_ސ쌧/{s//ܒ,139.63602,35.21224,5,6
Sڌ,35.21095713,139.6789997,_ސ쌧{s4-1519,_ސ쌧/{s//l,139.67894,35.21003,5,6
u,35.21060384,139.6863106,_ސ쌧{s2-88-31,_ސ쌧/{s//񒚖,139.68802,35.21033,5,6
䉪Q,35.20958741,139.6137476,_ސ쌧{s3-9-46,_ސ쌧/{s//O/X,139.61996,35.20518,5,7
Ëv,35.20929285,139.6592985,_ސ쌧{sËv5-2902,_ސ쌧/{s/Ëv/ܒ,139.66318,35.21222,5,6
w݌,35.20902976,139.6838161,_ސ쌧{s2-1811,_ސ쌧/{s//񒚖,139.68094,35.20695,5,6
򕽓c,35.20888839,139.6789835,_ސ쌧{s4-1533,_ސ쌧/{s//l,139.67894,35.21003,5,6
䉪,35.20865521,139.6114132,_ސ쌧{s3-9-180,_ސ쌧/{s//O/X,139.61996,35.20518,5,7
xY,35.20809759,139.6245952,_ސ쌧{s1-1-2,_ސ쌧/{s//꒚/P,139.62769,35.20771,5,7
Ëv唨,35.20797773,139.6677103,_ސ쌧{sO[nCc1972,_ސ쌧/{s/O[nCc,139.67082,35.20562,5,5
򑺉,35.20796085,139.6729135,_ސ쌧{s1-1011-1,_ސ쌧/{s//꒚,139.67603,35.20654,5,6
C݌,35.20769129,139.6859425,_ސ쌧{s2-194-13,_ސ쌧/{s//񒚖,139.68802,35.21033,5,6
aO,35.20655257,139.6715894,_ސ쌧{sO[nCc550,_ސ쌧/{s/O[nCc,139.67082,35.20562,5,5
䉮`,35.20514891,139.6104501,_ސ쌧{s5-2880-27,_ސ쌧/{s//ܒ,139.61111,35.20406,5,6
򎵌,35.20452745,139.6753948,_ސ쌧{s1-363,_ސ쌧/{s//꒚,139.67603,35.20654,5,6
,35.20233937,139.6721049,_ސ쌧{s1-70,_ސ쌧/{s//꒚,139.67603,35.20654,5,6
Pڌ,35.20130496,139.6732571,_ސ쌧{s1-70,_ސ쌧/{s//꒚,139.67603,35.20654,5,6
݂Pڌ,,,_ސ쌧{sݒ1-9-20,_ސ쌧/{s/ݒ/꒚/X,139.68585,35.25134,5,7
傤ԉ,,,_ސ쌧{sq549,_ސ쌧/{s/q,139.63457,35.25644,5,5
jssΒn,,,_ސ쌧{sj4-9,_ސ쌧/{s/j/S,139.64511,35.28939,5,7
O},,,_ސ쌧{s82-14,_ސ쌧/{s//WQԒn,139.66524,35.29361,5,7
YRڌ,,,_ސ쌧{sY3-25-23,_ސ쌧/{s/Y/O/QTԒn,139.63408,35.31296,5,7
,,,_ސ쌧{s1,_ސ쌧/{s/,139.69406,35.28606,5,5
Ǖl,,,_ސ쌧{sē2-2,_ސ쌧/{s/ē/QԒn,139.63202,35.31829,5,7
ēssΒn,,,_ސ쌧{sē2-26,_ސ쌧/{s/ē/QԒn,139.63202,35.31829,5,7
͂܂݂Ȃ̌,,,_ސ쌧{svl1-381-4,_ސ쌧/{s/vl/꒚,139.69936,35.23442,5,6
y[,,,_ސ쌧{svl7-14,_ސ쌧/{s/vl//PS,139.71257,35.22481,5,7
̋uӌ,,,_ސ쌧{s̋u1177-2,_ސ쌧/{s/̋u,139.67091,35.22462,5,5
̋u,,,_ސ쌧{s̋u3752-2,_ސ쌧/{s/̋u,139.67091,35.22462,5,5
TڑQ,,,_ސ쌧{s5-62-38,_ސ쌧/{s//ܒ/UQԒn,139.68059,35.25766,5,7
Tڌ,,,_ސ쌧{s5-62-6,_ސ쌧/{s//ܒ/UQԒn,139.68059,35.25766,5,7
݂QڗΒn,,,_ސ쌧{sݒ2-58,_ސ쌧/{s/ݒ/񒚖,139.68881,35.25137,5,6
݌,,,_ސ쌧{sݒ3-17,_ސ쌧/{s/ݒ/O/PV,139.68256,35.25299,5,7
ݗΒn,,,_ސ쌧{sݒ5-42,_ސ쌧/{s/ݒ/ܒ,139.68303,35.25575,5,6
Qڌ,,,_ސ쌧{s2-36-4,_ސ쌧/{s//񒚖,139.68532,35.24343,5,6
ɏ՗Βn,,,_ސ쌧{s4-355,_ސ쌧/{s//l,139.68556,35.23607,5,6
{,,,_ސ쌧{s{1-19,_ސ쌧/{s/{/꒚/PXԒn,139.65829,35.27094,5,7
uΒn,,,_ސ쌧{su1-60,_ސ쌧/{s/u/꒚,139.70061,35.25572,5,6
uQڗΒn,,,_ސ쌧{su2-107,_ސ쌧/{s/u/񒚖,139.70636,35.25585,5,6
Ot,,,_ސ쌧{sOt2-1-8,_ސ쌧/{s/Ot/񒚖/PԒn,139.68489,35.26786,5,7
OtΒn,,,_ސ쌧{sOt2-21-1,_ސ쌧/{s/Ot/񒚖/QPԒn,139.68466,35.26575,5,7
Fj[,,,_ސ쌧{s1-1-1,_ސ쌧/{s//꒚/PԒn,139.65723,35.28447,5,7
ᏼ,,,_ސ쌧{sᏼ3-32-11,_ސ쌧/{s/ᏼ/O/RQԒn,139.67252,35.27815,5,7
HJΒn,,,_ސ쌧{sHJ1818,_ސ쌧/{s/HJ,139.59595,35.25005,5,5
Ό,,,_ސ쌧{sHJ3-1584,_ސ쌧/{s/HJ/O,139.60051,35.24071,5,6
Βn,,,_ސ쌧{s2077,_ސ쌧/{s/,139.72662,35.25452,5,5
sO,,,_ސ쌧{s쒬9-1,_ސ쌧/{s/쒬/XԒn,139.67131,35.28125,5,7
PڑS,,,_ސ쌧{s1-456-7,_ސ쌧/{s//꒚,139.66913,35.25278,5,6
ߊ}R,,,_ސ쌧{s4-922,_ސ쌧/{s//l,139.66331,35.24826,5,6
Ó썑ۑ,,,_ސ쌧{sÓ썑ۑ1-3509-5,_ސ쌧/{s/Ó썑ۑ/꒚,139.60699,35.25455,5,6
Ó썑ۑΒn,,,_ސ쌧{sÓ썑ۑ2-3242,_ސ쌧/{s/Ó썑ۑ/񒚖,139.61501,35.2538,5,6
R,,,_ސ쌧{sÓ3-3-520,_ސ쌧/{s/Ó/O/R,139.61787,35.30574,5,7
ÓssΒn,,,_ސ쌧{sÓ6-77-176,_ސ쌧/{s/Ó/Z,139.61441,35.31524,5,6
XRڑQ,,,_ސ쌧{sX3-307-108,_ސ쌧/{s/X/O,139.67792,35.24579,5,6
XRڑR,,,_ސ쌧{sX3-335-4,_ސ쌧/{s/X/O,139.67792,35.24579,5,6
,,,_ސ쌧{s[c19-1,_ސ쌧/{s/[c,139.67236,35.27475,5,5
͂܉Ԃ̍,,,_ސ쌧{s_1-1,_ސ쌧/{s/_/PԒn,139.70073,35.22433,5,7
_,,,_ސ쌧{s_1-8,_ސ쌧/{s/_/PԒn,139.70073,35.22433,5,7
R,,,_ސ쌧{sY1-23,_ސ쌧/{s/Y/꒚,139.71916,35.2406,5,6
YΒn,,,_ސ쌧{sY5-60-1,_ސ쌧/{s/Y/ܒ,139.71852,35.23571,5,6
싽,,,_ސ쌧{sDz4-6,_ސ쌧/{s/Dz/l/UԒn,139.62257,35.30131,5,7
DzWڑS,,,_ސ쌧{sDz8-10-73,_ސ쌧/{s/Dz//PO,139.63217,35.30597,5,7
jΒn,,,_ސ쌧{s2-2-C,_ސ쌧/{s//񒚖/Q,139.72913,35.26522,5,7
ca̋u,,,_ސ쌧{sca5-2638,_ސ쌧/{s/ca/ܒ/QURWԒn,139.6423,35.23215,5,7
꒬,,,_ސ쌧{s꒬1-31-10,_ސ쌧/{s/꒬/꒚,139.66884,35.28224,5,6
Ì,,,_ސ쌧{sÒ5-11-2,_ސ쌧/{s/Ò/ܒ/PP,139.6875,35.25811,5,7
rΒn,,,_ސ쌧{sr3-3567,_ސ쌧/{s/r/O,139.64731,35.2616,5,6
rcΒn,,,_ސ쌧{src1-23,_ސ쌧/{s/rc/꒚/QR,139.69633,35.25567,5,7
rcPڗΒn,,,_ސ쌧{src1-51,_ސ쌧/{s/rc/꒚,139.6946,35.25447,5,6
rcTڑQ,,,_ސ쌧{src5-58-50,_ސ쌧/{s/rc/ܒ,139.68867,35.24602,5,6
rcUڌ(rcQځj,,,_ސ쌧{src6-55-1,_ސ쌧/{s/rc/Z,139.69046,35.24889,5,6
C̎,,,_ސ쌧{s4-3491-3,_ސ쌧/{s//l,139.61456,35.19649,5,6
r,,,_ސ쌧{s6-5320-3,_ސ쌧/{s//Z,139.60767,35.19792,5,6
Rڌ,,,_ސ쌧{s3-1857-27,_ސ쌧/{s//O,139.68239,35.21173,5,6
ǕlPڑT,,,_ސ쌧{sǕl1-28-85,_ސ쌧/{s/Ǖl/꒚/QWԒn,139.62912,35.30905,5,7
ǕlQڌ,,,_ސ쌧{sǕl2-3-24,_ސ쌧/{s/Ǖl/񒚖/RԒn,139.63043,35.31191,5,7
cY~̗,,,_ސ쌧{scY92,_ސ쌧/{s/cY/XQԒn,139.62933,35.28382,5,7
YQڑQ,,,_ސ쌧{sY2-67-27,_ސ쌧/{s/Y/񒚖,139.72346,35.24263,5,6
nxC݂Sڂ񂩂,,,_ސ쌧{snxC4-1-8,_ސ쌧/{s/nxC/l/P,139.7124,35.26065,5,7
sl,,,_ސ쌧{ssl1-2-1,_ސ쌧/{s/sl/꒚/QԒn,139.66328,35.26832,5,7
͂܂䂤,,,_ސ쌧{ssl4-25,_ސ쌧/{s/sl/l/QTԒn,139.6638,35.27375,5,7
,,,_ސ쌧{s3-458-1,_ސ쌧/{s//O,139.64709,35.2211,5,6
ߊ},,,_ސ쌧{s1-2712-1,_ސ쌧/{s//꒚,139.65469,35.257,5,6
тSڌ,,,_ސ쌧{s4-781-1,_ސ쌧/{s//l,139.63866,35.21417,5,6