﻿small_code,small_name
111,全身麻酔剤
112,催眠鎮静剤，抗不安剤
113,抗てんかん剤
114,解熱鎮痛消炎剤
115,興奮剤，覚せい剤
116,抗パーキンソン剤
117,精神神経用剤
118,総合感冒剤
119,その他の中枢神経系用薬
121,局所麻酔剤
122,骨格筋弛緩剤
123,自律神経剤
124,鎮けい剤
125,発汗剤、止汗剤
129,その他の末梢神経系用薬
131,眼科用剤
132,耳鼻科用剤
133,鎮暈剤
139,その他の感覚器官用薬
190,その他の神経系及び感覚器官用医薬品
211,強心剤
212,不整脈用剤
213,利尿剤
214,血圧降下剤
215,血管補強剤
216,血管収縮剤
217,血管拡張剤
218,高脂血症用剤
219,その他の循環器官用薬
221,呼吸促進剤
222,鎮咳剤
223,去たん剤
224,鎮咳去たん剤
225,気管支拡張剤
226,含嗽剤
229,その他の呼吸器官用薬
231,止しゃ剤，整腸剤
232,消化性潰瘍用剤
233,健胃消化剤
234,制酸剤
235,下剤，浣腸剤
236,利胆剤
237,複合胃腸剤
239,その他の消化器官用薬
241,脳下垂体ホルモン剤
242,唾液腺ホルモン剤
243,甲状腺，副甲状腺ホルモン剤
244,たん白同化ステロイド剤
245,副腎ホルモン剤
246,男性ホルモン剤
247,卵胞ホルモン及び黄体ホルモン剤
248,混合ホルモン剤
249,その他のホルモン剤（抗ホルモン剤を含む。）
251,泌尿器官用剤
252,生殖器官用剤（性病予防剤を含む。）
253,子宮収縮剤
254,避妊剤
255,痔疾用剤
259,その他の泌尿生殖器官及び肛門用薬
261,外皮用殺菌消毒剤
262,創傷保護剤
263,化膿性疾患用剤
264,鎮痛，鎮痒，収斂，消炎剤
265,寄生性皮ふ疾患用剤
266,皮ふ軟化剤（腐しょく剤を含む。）
267,毛髪用剤（発毛剤，脱毛剤，染毛剤，養毛剤）
268,浴剤
269,その他の外皮用薬
271,歯科用局所麻酔剤
272,歯髄失活剤
273,歯科用鎮痛鎮静剤（根管及び齲窩消毒剤を含む。）
274,歯髄乾屍剤（根管充填剤を含む。）
275,歯髄覆罩剤
276,歯科用抗生物質製剤
279,その他の歯科口腔用薬
290,その他の個々の器官系用医薬品
311,ビタミンＡ及びＤ剤
312,ビタミンＢ１剤
313,ビタミンＢ剤（ビタミンＢ１剤を除く。）
314,ビタミンＣ剤
315,ビタミンＥ剤
316,ビタミンＫ剤
317,混合ビタミン剤（ビタミンＡ・Ｄ混合製剤を除く。）
319,その他のビタミン剤
321,カルシウム剤
322,無機質製剤
323,糖類剤
324,有機酸製剤
325,たん白アミノ酸製剤
326,臓器製剤
327,乳幼児用剤
329,その他の滋養強壮薬
331,血液代用剤
332,止血剤
333,血液凝固阻止剤
339,その他の血液・体液用薬
341,人工腎臓透析用剤
342,腹膜透析用剤
349,その他の人工透析用薬
391,肝臓疾患用剤
392,解毒剤
393,習慣性中毒用剤
394,痛風治療剤
395,酵素製剤
396,糖尿病用剤
397,総合代謝性製剤
399,他に分類されない代謝性医薬品
411,クロロフィル製剤
412,色素製剤
419,その他の細胞賦活用薬
421,アルキル化剤
422,代謝拮抗剤
423,抗腫瘍性抗生物質製剤
424,抗腫瘍性植物成分製剤
429,その他の腫瘍用薬
430,放射性医薬品
441,抗ヒスタミン剤
442,刺激療法剤
443,非特異性免疫原製剤
449,その他のアレルギー用薬
490,その他の組織細胞機能用医薬品
510,生薬
520,漢方製剤
590,その他の生薬及び漢方処方に基づく医薬品
611,主としてグラム陽性菌に作用する抗生物質製剤
612,主としてグラム陰性菌に作用する抗生物質製剤
613,主としてグラム陽性・陰性菌に作用する抗生物質製剤
614,主としてグラム陽性菌，マイコプラズマに作用する抗生物質製剤
615,主としてグラム陽性・陰性菌，リケッチア，クラミジアに作用する抗生物質製剤
616,主として抗酸菌に作用する抗生物質製剤
617,主としてカビに作用する抗生物質製剤
619,その他の抗生物質製剤（複合抗生物質製剤を含む。）
621,サルファ剤
622,抗結核剤
623,抗ハンセン病剤
624,合成抗菌剤
625,抗ウイルス剤
629,その他の化学療法剤
631,ワクチン類
632,毒素及びトキソイド類
633,抗毒素類及び抗レプトスピラ血清類
634,血液製剤類
635,生物学的試験用製剤類
636,混合生物学的製剤
639,その他の生物学的製剤
641,抗原虫剤
642,駆虫剤
649,その他の寄生動物用薬
690,その他の病原生物に対する医薬品
711,賦形剤
712,軟膏基剤
713,溶解剤
714,矯味，矯臭，着色剤
715,乳化剤
719,その他の調剤用薬
721,Ｘ線造影剤
722,機能検査用試薬
729,その他の診断用薬（体外診断用医薬品を除く。）
731,防腐剤
732,防疫用殺菌消毒剤
733,防虫剤
734,殺虫剤
735,殺そ剤
739,その他の公衆衛生用薬
741,一般検査用試薬
742,血液検査用試薬
743,生化学的検査用試薬
744,免疫血清学的検査用試薬
745,細菌学的検査用薬
746,病理組織検査用薬
791,ばん創こう
799,他に分類されない治療を主目的としない医薬品
811,あへんアルカロイド系麻薬
812,コカアルカロイド系製剤
819,その他のアルカロイド系麻薬（天然麻薬）
821,合成麻薬
829,その他の非アルカロイド系麻薬
890,その他の麻薬
