﻿区分,薬価基準収載医薬品コード,成分名,規格,,,,品名,メーカー名,診療報酬において加算等の算定対象となる後発医薬品,先発医薬品,同一剤形・規格の後発医薬品がある先発医薬品,薬価,経過措置による使用期限,備考
歯科用薬剤,2710803U1044,リドカイン塩酸塩・アドレナリン酒石酸水素塩,１．８ｍＬ１管,,,,オーラ注歯科用カートリッジ１．８ｍＬ,ジーシー昭和薬品,後発品,,,73.20 ,,
歯科用薬剤,2710803U2032,リドカイン塩酸塩・アドレナリン酒石酸水素塩,１ｍＬ１管,,,,オーラ注歯科用カートリッジ１．０ｍＬ,ジーシー昭和薬品,後発品,,,69.60 ,,
歯科用薬剤,2710806U1021,リドカイン塩酸塩・アドレナリン,１．８ｍＬ１管,,,,歯科用キシロカインカートリッジ,デンツプライシロナ,,,,79.60 ,,
歯科用薬剤,2710806U1030,リドカイン塩酸塩・アドレナリン,１．８ｍＬ１管,,,,キシレステシンＡ注射液（カートリッジ）,スリーエム　ジャパン　イノベーション,,,,79.60 ,,
歯科用薬剤,2710806U1056,リドカイン塩酸塩・アドレナリン,１．８ｍＬ１管,,,,エピリド配合注歯科用カートリッジ１．８ｍＬ,ニプロ,,,,66.50 ,,
歯科用薬剤,2710810U3020,メピバカイン塩酸塩,３％１．８ｍＬ１管,局,,,スキャンドネストカートリッジ３％,日本歯科薬品,,,,113.50 ,,
歯科用薬剤,2710813U1030,プロピトカイン塩酸塩・フェリプレシン,１．８ｍＬ１管,,,,歯科用シタネスト－オクタプレシンカートリッジ,デンツプライシロナ,,,,71.70 ,,
歯科用薬剤,2710816P1030,アミノ安息香酸エチル,１ｇ,,,,ビーゾカイン歯科用ゼリー２０％,ビーブランド・メディコーデンタル,後発品,,,67.90 ,,
歯科用薬剤,2710816Q1043,アミノ安息香酸エチル,１ｇ,,,,ジンジカインゲル２０％,白水貿易,後発品,,,67.90 ,,
歯科用薬剤,2710816Q1051,アミノ安息香酸エチル,１ｇ,,,,ハリケインゲル歯科用２０％,アグサジャパン,後発品,,,67.90 ,,
歯科用薬剤,2710816Q1060,アミノ安息香酸エチル,１ｇ,,,,ハリケインリキッド歯科用２０％,アグサジャパン,後発品,,,67.90 ,,
歯科用薬剤,2710818V1020,アミノ安息香酸エチル・パラブチルアミノ安息香酸ジエチルアミノエチル塩酸塩,１ｇ,,,,ネオザロカインパスタ,ネオ製薬工業,,,,117.80 ,,
歯科用薬剤,2710819M1029,アミノ安息香酸エチル・ジブカイン塩酸塩配合剤,１ｇ,,,,プロネスパスタアロマ,日本歯科薬品,,,,89.90 ,,
歯科用薬剤,2760803M1038,エピジヒドロコレステリン・テトラサイクリン塩酸塩,１ｇ,,,,テトラサイクリン・プレステロン歯科用軟膏,日本歯科薬品,,,,353.10 ,,
歯科用薬剤,2760804M1016,ミノサイクリン塩酸塩,１０ｍｇ０．５ｇ１シリンジ,,,,ミノサイクリン塩酸塩１０ｍｇ０．５ｇ軟膏,,後発品,,,406.90 ,,
歯科用薬剤,2760804M1024,ミノサイクリン塩酸塩,１０ｍｇ０．５ｇ１シリンジ,,,,ペリオクリン歯科用軟膏,サンスター,,先発品,○,608.00 ,,
歯科用薬剤,2760806D1031,オキシテトラサイクリン塩酸塩,５ｍｇ１個,,,,オキシテトラコーン歯科用挿入剤５ｍｇ,ジーシー昭和薬品,,,,17.20 ,,
歯科用薬剤,2760808B1030,フラジオマイシン硫酸塩,ＦＲＭ２０ｍｇ１包,,,,デンターグル含嗽用散２０ｍｇ／包,ジーシー昭和薬品,,,,20.80 ,,
歯科用薬剤,2790810M1037,ヒドロコルチゾン酢酸エステル・ヒノキチオール配合剤,１ｇ,,,,ヒノポロン口腔用軟膏,ジーシー昭和薬品,,,,175.90 ,,
歯科用薬剤,2790818V1039,酸化亜鉛・チョウジ油,散剤（液剤を含む）１ｇ,,,,サージカルパック口腔用,ジーシー昭和薬品,後発品,,,66.60 ,,
歯科用薬剤,2790820Q1032,ベンゼトニウム塩化物,１ｍＬ,,,,ベンゼトニウム塩化物うがい液０．２％「ＫＹＳ」,ジーシー昭和薬品,,,,4.50 ,,
歯科用薬剤,2790820Q1040,ベンゼトニウム塩化物,１ｍＬ,,,,ネオステリングリーンうがい液０．２％,日本歯科薬品,,,,5.40 ,,
歯科用薬剤,2790821P1023,塩化アルミニウム・セチルピリジニウム配合剤,１ｇ,,,,歯科用ＴＤゼット・ゼリー,東洋製薬化成,,先発品,,310.20 ,,
歯科用薬剤,2790821Q1037,塩化アルミニウム・セチルピリジニウム配合剤,１ｍＬ,,,,歯科用ＴＤゼット液,東洋製薬化成,,先発品,,299.20 ,,
歯科用薬剤,2790823U1026,トラフェルミン（遺伝子組換え）,６００μｇ１キット,,,,リグロス歯科用液キット６００μｇ,科研製薬,,先発品,,"21,053.70 ",,
歯科用薬剤,2790823U2022,トラフェルミン（遺伝子組換え）,１，２００μｇ１キット,,,,リグロス歯科用液キット１２００μｇ,科研製薬,,先発品,,"28,317.80 ",,
