﻿内注外歯区分,品名,成分,規格単位,メーカー名,薬価
内用薬,バンコマイシン塩酸塩散０．５ｇ「サワイ」,バンコマイシン塩酸塩,５００ｍｇ１瓶,沢井製薬,885.20
内用薬,バンコマイシン塩酸塩散０．５ｇ「タイヨー」,バンコマイシン塩酸塩,５００ｍｇ１瓶,日医工岐阜工場,909.60
内用薬,バンコマイシン塩酸塩散０．５ｇ「明治」,バンコマイシン塩酸塩,５００ｍｇ１瓶,Ｍｅｉｊｉ　Ｓｅｉｋａ　ファルマ,909.60
内用薬,バンコマイシン塩酸塩散０．５ｇ「ＶＴＲＳ」,バンコマイシン塩酸塩,５００ｍｇ１瓶,マイランＥＰＤ,813.00
内用薬,バンコマイシン塩酸塩散０．５ｇ「ＮＩＧ」,バンコマイシン塩酸塩,５００ｍｇ１瓶,日医工岐阜工場,909.60
内用薬,セファレキシン顆粒５００ｍｇ「ＪＧ」,セファレキシン,５００ｍｇ１ｇ,長生堂製薬,80.70
内用薬,セファレキシン複合顆粒５００ｍｇ「トーワ」,セファレキシン,５００ｍｇ１ｇ,東和薬品,80.90
内用薬,ラリキシン錠２５０ｍｇ,セファレキシン,２５０ｍｇ１錠,富士フイルム富山化学,31.50
内用薬,セファレキシン錠２５０「日医工」,セファレキシン,２５０ｍｇ１錠,日医工,31.50
内用薬,セファレキシンカプセル２５０ｍｇ「トーワ」,セファレキシン,２５０ｍｇ１カプセル,東和薬品,31.50
内用薬,ラリキシンドライシロップ小児用１０％,セファレキシン,１００ｍｇ１ｇ,富士フイルム富山化学,24.20
内用薬,ラリキシンドライシロップ小児用２０％,セファレキシン,２００ｍｇ１ｇ,富士フイルム富山化学,38.10
内用薬,セファレキシンドライシロップ小児用５０％「日医工」,セファレキシン,５００ｍｇ１ｇ,日医工,19.00
内用薬,セファクロル細粒１０％「日医工」,セファクロル,１００ｍｇ１ｇ,日医工,44.30
内用薬,セファクロル細粒小児用１０％「ＪＧ」,セファクロル,１００ｍｇ１ｇ,長生堂製薬,44.30
内用薬,セファクロル細粒小児用１０％「サワイ」,セファクロル,１００ｍｇ１ｇ,沢井製薬,44.30
内用薬,セファクロル細粒小児用１０％「ＳＷ」,セファクロル,１００ｍｇ１ｇ,沢井製薬,44.30
内用薬,セファクロル細粒２０％「日医工」,セファクロル,２００ｍｇ１ｇ,日医工,19.60
内用薬,セファクロルカプセル２５０ｍｇ「ＴＣＫ」,セファクロル,２５０ｍｇ１カプセル,辰巳化学,54.70
内用薬,セファクロルカプセル２５０ｍｇ「トーワ」,セファクロル,２５０ｍｇ１カプセル,東和薬品,54.70
内用薬,セファクロルカプセル２５０ｍｇ「日医工」,セファクロル,２５０ｍｇ１カプセル,日医工,41.00
内用薬,セファクロルカプセル２５０ｍｇ「ＪＧ」,セファクロル,２５０ｍｇ１カプセル,長生堂製薬,54.70
内用薬,セファクロルカプセル２５０ｍｇ「ＳＮ」,セファクロル,２５０ｍｇ１カプセル,シオノケミカル,49.30
内用薬,セファクロルカプセル２５０ｍｇ「ＳＷ」,セファクロル,２５０ｍｇ１カプセル,沢井製薬,54.70
内用薬,セフジニル錠５０ｍｇ「サワイ」,セフジニル,５０ｍｇ１錠,沢井製薬,40.20
内用薬,セフジニル錠１００ｍｇ「サワイ」,セフジニル,１００ｍｇ１錠,沢井製薬,44.90
内用薬,セフジニルカプセル５０ｍｇ「ＴＹＫ」,セフジニル,５０ｍｇ１カプセル,武田テバ薬品,28.30
内用薬,セフジニルカプセル５０ｍｇ「ＹＤ」,セフジニル,５０ｍｇ１カプセル,陽進堂,40.20
内用薬,セフジニルカプセル５０ｍｇ「日医工」,セフジニル,５０ｍｇ１カプセル,日医工,52.00
内用薬,セフジニルカプセル５０ｍｇ「ＪＧ」,セフジニル,５０ｍｇ１カプセル,長生堂製薬,52.00
内用薬,セフジニルカプセル５０ｍｇ「トーワ」,セフジニル,５０ｍｇ１カプセル,東和薬品,40.20
内用薬,セフジニルカプセル１００ｍｇ「ＴＹＫ」,セフジニル,１００ｍｇ１カプセル,武田テバ薬品,28.70
内用薬,セフジニルカプセル１００ｍｇ「ＹＤ」,セフジニル,１００ｍｇ１カプセル,陽進堂,44.90
内用薬,セフジニルカプセル１００ｍｇ「日医工」,セフジニル,１００ｍｇ１カプセル,日医工,59.70
内用薬,セフジニルカプセル１００ｍｇ「ＪＧ」,セフジニル,１００ｍｇ１カプセル,長生堂製薬,59.70
内用薬,セフジニルカプセル１００ｍｇ「トーワ」,セフジニル,１００ｍｇ１カプセル,東和薬品,44.90
内用薬,セフジトレンピボキシル小児用細粒１０％「ＣＨ」,セフジトレン　ピボキシル,１００ｍｇ１ｇ,長生堂製薬,160.00
内用薬,セフジトレンピボキシル細粒小児用１０％「トーワ」,セフジトレン　ピボキシル,１００ｍｇ１ｇ,東和薬品,128.50
内用薬,セフジトレンピボキシル細粒１０％小児用「日医工」,セフジトレン　ピボキシル,１００ｍｇ１ｇ,日医工ファーマ,128.50
内用薬,セフジトレンピボキシル小児用細粒１０％「ＯＫ」,セフジトレン　ピボキシル,１００ｍｇ１ｇ,大蔵製薬,166.30
内用薬,セフジトレンピボキシル小児用細粒１０％「ＳＷ」,セフジトレン　ピボキシル,１００ｍｇ１ｇ,沢井製薬,128.50
内用薬,セフジトレンピボキシル錠１００ｍｇ「ＣＨ」,セフジトレン　ピボキシル,１００ｍｇ１錠,長生堂製薬,46.00
内用薬,セフジトレンピボキシル錠１００ｍｇ「トーワ」,セフジトレン　ピボキシル,１００ｍｇ１錠,東和薬品,37.70
内用薬,セフジトレンピボキシル錠１００ｍｇ「日医工」,セフジトレン　ピボキシル,１００ｍｇ１錠,日医工ファーマ,37.70
内用薬,セフジトレンピボキシル錠１００ｍｇ「ＯＫ」,セフジトレン　ピボキシル,１００ｍｇ１錠,大蔵製薬,48.30
内用薬,セフジトレンピボキシル錠１００ｍｇ「ＳＷ」,セフジトレン　ピボキシル,１００ｍｇ１錠,沢井製薬,37.70
内用薬,ホスホマイシンカルシウムカプセル２５０ｍｇ「日医工」,ホスホマイシンカルシウム水和物,２５０ｍｇ１カプセル,日医工,40.20
内用薬,ホスホマイシンカルシウムカプセル５００ｍｇ「日医工」,ホスホマイシンカルシウム水和物,５００ｍｇ１カプセル,日医工,64.10
内用薬,ホスホマイシンカルシウムドライシロップ４０％「日医工」,ホスホマイシンカルシウム水和物,４００ｍｇ１ｇ,日医工,86.20
内用薬,ミノサイクリン塩酸塩顆粒２％「サワイ」,ミノサイクリン塩酸塩,２０ｍｇ１ｇ,沢井製薬,20.00
内用薬,ハリゾンシロップ１００ｍｇ／ｍＬ,アムホテリシンＢ,１００ｍｇ１ｍＬ,富士製薬工業,52.00
内用薬,ノルフロキサシン錠１００ｍｇ「ＹＤ」,ノルフロキサシン,１００ｍｇ１錠,陽進堂,23.70
内用薬,ノルフロキサシン錠１００ｍｇ「ＥＭＥＣ」,ノルフロキサシン,１００ｍｇ１錠,エルメッド,23.70
内用薬,ノルフロキサシン錠１００ｍｇ「ツルハラ」,ノルフロキサシン,１００ｍｇ１錠,鶴原製薬,23.70
内用薬,ノルフロキサシン錠１００ｍｇ「サワイ」,ノルフロキサシン,１００ｍｇ１錠,沢井製薬,40.90
内用薬,ノルフロキサシン錠２００ｍｇ「ＹＤ」,ノルフロキサシン,２００ｍｇ１錠,陽進堂,35.60
内用薬,ノルフロキサシン錠２００ｍｇ「ＥＭＥＣ」,ノルフロキサシン,２００ｍｇ１錠,エルメッド,35.60
内用薬,ノルフロキサシン錠２００ｍｇ「ツルハラ」,ノルフロキサシン,２００ｍｇ１錠,鶴原製薬,35.60
内用薬,ノルフロキサシン錠２００ｍｇ「サワイ」,ノルフロキサシン,２００ｍｇ１錠,沢井製薬,64.20
内用薬,オフロキサシン錠１００ｍｇ「サワイ」,オフロキサシン,１００ｍｇ１錠,沢井製薬,82.80
内用薬,オフロキサシン錠１００ｍｇ「ツルハラ」,オフロキサシン,１００ｍｇ１錠,鶴原製薬,65.90
内用薬,オフロキサシン錠１００ｍｇ「ＪＧ」,オフロキサシン,１００ｍｇ１錠,長生堂製薬,47.50
内用薬,ダイフェン配合顆粒,スルファメトキサゾール・トリメトプリム,１ｇ,鶴原製薬,50.90
内用薬,ダイフェン配合錠,スルファメトキサゾール・トリメトプリム,１錠,鶴原製薬,16.60
内用薬,チニダゾール錠２００ｍｇ「Ｆ」,チニダゾール,２００ｍｇ１錠,富士製薬工業,46.90
内用薬,チニダゾール錠５００ｍｇ「Ｆ」,チニダゾール,５００ｍｇ１錠,富士製薬工業,125.00
内用薬,ＭＳツワイスロンカプセル１０ｍｇ,モルヒネ硫酸塩水和物,１０ｍｇ１カプセル,帝國製薬,236.10
内用薬,ＭＳツワイスロンカプセル３０ｍｇ,モルヒネ硫酸塩水和物,３０ｍｇ１カプセル,帝國製薬,632.40
内用薬,ＭＳツワイスロンカプセル６０ｍｇ,モルヒネ硫酸塩水和物,６０ｍｇ１カプセル,帝國製薬,"1,173.60"
注射薬,マルトース輸液１０％「フソー」,マルトース水和物,１０％５００ｍＬ１袋,扶桑薬品工業,211
注射薬,マルトース輸液１０％「フソー」,マルトース水和物,１０％２００ｍＬ１袋,扶桑薬品工業,211
注射薬,イントラリポス輸液１０％,ダイズ油,２５０ｍＬ１袋,大塚製薬工場,"1,058"
注射薬,イントラリポス輸液２０％,ダイズ油,２０％１００ｍＬ１袋,大塚製薬工場,817
注射薬,イントラリポス輸液２０％,ダイズ油,２０％２５０ｍＬ１袋,大塚製薬工場,"1,376"
注射薬,イントラリポス輸液２０％,ダイズ油,２０％５０ｍＬ１袋,大塚製薬工場,627
注射薬,リプラス１号輸液,開始液,５００ｍＬ１瓶,扶桑薬品工業,171
注射薬,リプラス１号輸液,開始液,５００ｍＬ１袋,扶桑薬品工業,171
注射薬,ソルデム１輸液,開始液,５００ｍＬ１袋,テルモ,155
注射薬,ＹＤソリタ－Ｔ１号輸液,開始液,５００ｍＬ１袋,陽進堂,171
注射薬,リプラス１号輸液,開始液,２００ｍＬ１袋,扶桑薬品工業,136
注射薬,ソルデム１輸液,開始液,２００ｍＬ１袋,テルモ,124
注射薬,ＹＤソリタ－Ｔ１号輸液,開始液,２００ｍＬ１袋,陽進堂,136
注射薬,デノサリン１輸液,開始液,５００ｍＬ１袋,テルモ,194
注射薬,デノサリン１輸液,開始液,２００ｍＬ１袋,テルモ,172
注射薬,ソルデム３ＰＧ輸液,維持液,５００ｍＬ１袋,テルモ,194
注射薬,ソルデム３ＰＧ輸液,維持液,２００ｍＬ１袋,テルモ,174
注射薬,ハルトマン－Ｇ３号輸液,維持液,５００ｍＬ１瓶,扶桑薬品工業,171
注射薬,ヒシナルク３号輸液,維持液,５００ｍＬ１袋,ニプロ,171
注射薬,ソルデム３Ａ輸液,維持液,５００ｍＬ１袋,テルモ,171
注射薬,ＹＤソリタ－Ｔ３号輸液,維持液,５００ｍＬ１袋,陽進堂,171
注射薬,ユエキンキープ３号輸液,維持液,５００ｍＬ１袋,光製薬,171
注射薬,ハルトマン－Ｇ３号輸液,維持液,５００ｍＬ１袋,扶桑薬品工業,171
注射薬,ヒシナルク３号輸液,維持液,２００ｍＬ１袋,ニプロ,171
注射薬,ソルデム３Ａ輸液,維持液,２００ｍＬ１袋,テルモ,171
注射薬,ハルトマン－Ｇ３号輸液,維持液,２００ｍＬ１袋,扶桑薬品工業,171
注射薬,ＹＤソリタ－Ｔ３号輸液,維持液,２００ｍＬ１袋,陽進堂,171
注射薬,ユエキンキープ３号輸液,維持液,２００ｍＬ１袋,光製薬,171
注射薬,ソルデム３Ａ輸液,維持液,１Ｌ１袋,テルモ,270
注射薬,ソルデム３ＡＧ輸液,維持液,５００ｍＬ１袋,テルモ,176
注射薬,ＹＤソリタ－Ｔ３号Ｇ輸液,維持液,５００ｍＬ１袋,陽進堂,176
注射薬,ソルデム３ＡＧ輸液,維持液,２００ｍＬ１袋,テルモ,146
注射薬,ＹＤソリタ－Ｔ３号Ｇ輸液,維持液,２００ｍＬ１袋,陽進堂,161
注射薬,ソルデム３輸液,維持液,５００ｍＬ１袋,テルモ,189
注射薬,ソルデム３輸液,維持液,２００ｍＬ１袋,テルモ,173
注射薬,フルクトラクト注,維持液,２００ｍＬ１袋,大塚製薬工場,185
注射薬,フルクトラクト注,維持液,５００ｍＬ１袋,大塚製薬工場,185
注射薬,アステマリン３号ＭＧ輸液,維持液,５００ｍＬ１瓶,マイランＥＰＤ,183
注射薬,ソルデム６輸液,術後回復液,５００ｍＬ１袋,テルモ,183
注射薬,ソルデム６輸液,術後回復液,２００ｍＬ１袋,テルモ,176
注射薬,ソルデム２輸液,脱水補給液,５００ｍＬ１袋,テルモ,190
注射薬,ソルデム２輸液,脱水補給液,２００ｍＬ１袋,テルモ,147
注射薬,ハルトマン液「コバヤシ」,乳酸リンゲル,５００ｍＬ１瓶,ネオクリティケア製薬,215
注射薬,ソルラクト輸液,乳酸リンゲル,５００ｍＬ１袋,テルモ,215
注射薬,ハルトマン輸液「ＮＰ」,乳酸リンゲル,５００ｍＬ１袋,ニプロ,215
注射薬,ハルトマン輸液ｐＨ８「ＮＰ」,乳酸リンゲル,５００ｍＬ１袋,ニプロ,215
注射薬,ハルトマン液「コバヤシ」,乳酸リンゲル,５００ｍＬ１袋,ネオクリティケア製薬,215
注射薬,ソルラクト輸液,乳酸リンゲル,１Ｌ１袋,テルモ,289
注射薬,ハルトマン輸液ｐＨ８「ＮＰ」,乳酸リンゲル,１Ｌ１袋,ニプロ,366
注射薬,ソルラクト輸液,乳酸リンゲル,２５０ｍＬ１袋,テルモ,182
注射薬,ニソリ・Ｓ注,ソルビトール加乳酸リンゲル,５００ｍＬ１瓶,マイランＥＰＤ,204
注射薬,ラクトリンゲルＳ注「フソー」,ソルビトール加乳酸リンゲル,５００ｍＬ１瓶,扶桑薬品工業,204
注射薬,ラクトリンゲルＳ注「フソー」,ソルビトール加乳酸リンゲル,５００ｍＬ１袋,扶桑薬品工業,204
注射薬,ソルラクトＳ輸液,ソルビトール加乳酸リンゲル,５００ｍＬ１袋,テルモ,204
注射薬,ラクテックＧ輸液,ソルビトール加乳酸リンゲル,５００ｍＬ１袋,大塚製薬工場,204
注射薬,ソルラクトＳ輸液,ソルビトール加乳酸リンゲル,２５０ｍＬ１袋,テルモ,146
注射薬,ラクテックＧ輸液,ソルビトール加乳酸リンゲル,２５０ｍＬ１袋,大塚製薬工場,146
注射薬,ラクテックＧ輸液,ソルビトール加乳酸リンゲル,１Ｌ１袋,大塚製薬工場,301
注射薬,ラクトリンゲルＳ注「フソー」,ソルビトール加乳酸リンゲル,２００ｍＬ１袋,扶桑薬品工業,146
注射薬,ハルトマンＤ液「フソー」,ブドウ糖加乳酸リンゲル,５００ｍＬ１瓶,扶桑薬品工業,182
注射薬,ソルラクトＤ輸液,ブドウ糖加乳酸リンゲル,５００ｍＬ１袋,テルモ,182
注射薬,ラクテックＤ輸液,ブドウ糖加乳酸リンゲル,５００ｍＬ１袋,大塚製薬工場,182
注射薬,ハルトマンＤ液「フソー」,ブドウ糖加乳酸リンゲル,５００ｍＬ１袋,扶桑薬品工業,182
注射薬,ソルラクトＤ輸液,ブドウ糖加乳酸リンゲル,２５０ｍＬ１袋,テルモ,182
注射薬,ニソリＭ注,マルトース加乳酸リンゲル,２５０ｍＬ１瓶,マイランＥＰＤ,251
注射薬,ニソリＭ注,マルトース加乳酸リンゲル,５００ｍＬ１瓶,マイランＥＰＤ,279
注射薬,ラクトリンゲルＭ注「フソー」,マルトース加乳酸リンゲル,５００ｍＬ１瓶,扶桑薬品工業,253
注射薬,ラクトリンゲルＭ注「フソー」,マルトース加乳酸リンゲル,５００ｍＬ１袋,扶桑薬品工業,253
注射薬,ニソリＭ注,マルトース加乳酸リンゲル,５００ｍＬ１袋,マイランＥＰＤ,279
注射薬,ソルラクトＴＭＲ輸液,マルトース加乳酸リンゲル,５００ｍＬ１袋,テルモ,253
注射薬,ニソリＭ注,マルトース加乳酸リンゲル,２５０ｍＬ１袋,マイランＥＰＤ,251
注射薬,ソルラクトＴＭＲ輸液,マルトース加乳酸リンゲル,２５０ｍＬ１袋,テルモ,216
注射薬,ラクトリンゲルＭ注「フソー」,マルトース加乳酸リンゲル,２００ｍＬ１袋,扶桑薬品工業,180
注射薬,ペンライブ注,酢酸維持液,２００ｍＬ１瓶,マイランＥＰＤ,206
注射薬,ペンライブ注,酢酸維持液,３００ｍＬ１瓶,マイランＥＰＤ,292
注射薬,エスロンＢ注,酢酸維持液,５００ｍＬ１瓶,ネオクリティケア製薬,227
注射薬,ペンライブ注,酢酸維持液,５００ｍＬ１瓶,マイランＥＰＤ,275
注射薬,ペンライブ注,酢酸維持液,５００ｍＬ１袋,マイランＥＰＤ,275
注射薬,ソルマルト輸液,酢酸維持液,５００ｍＬ１袋,テルモ,227
注射薬,アクマルト輸液,酢酸維持液,５００ｍＬ１袋,光製薬,275
注射薬,エスロンＢ注,酢酸維持液,５００ｍＬ１袋,ネオクリティケア製薬,227
注射薬,エスロンＢ注,酢酸維持液,２００ｍＬ１袋,ネオクリティケア製薬,187
注射薬,ペンライブ注,酢酸維持液,２００ｍＬ１袋,マイランＥＰＤ,206
注射薬,ソルマルト輸液,酢酸維持液,２００ｍＬ１袋,テルモ,187
注射薬,アクマルト輸液,酢酸維持液,２００ｍＬ１袋,光製薬,206
注射薬,ペンライブ注,酢酸維持液,３００ｍＬ１袋,マイランＥＰＤ,292
注射薬,ペロール注,ブドウ糖加酢酸リンゲル,３００ｍＬ１瓶,マイランＥＰＤ,197
注射薬,ソリューゲンＧ注,ブドウ糖加酢酸リンゲル,５００ｍＬ１瓶,ネオクリティケア製薬,197
注射薬,ペロール注,ブドウ糖加酢酸リンゲル,５００ｍＬ１瓶,マイランＥＰＤ,197
注射薬,アクメインＤ輸液,ブドウ糖加酢酸リンゲル,５００ｍＬ１瓶,光製薬,217
注射薬,ペロール注,ブドウ糖加酢酸リンゲル,５００ｍＬ１袋,マイランＥＰＤ,197
注射薬,ソルアセトＤ輸液,ブドウ糖加酢酸リンゲル,５００ｍＬ１袋,テルモ,197
注射薬,リナセートＤ輸液,ブドウ糖加酢酸リンゲル,５００ｍＬ１袋,エイワイファーマ,197
注射薬,ソリューゲンＧ注,ブドウ糖加酢酸リンゲル,５００ｍＬ１袋,ネオクリティケア製薬,197
注射薬,アクメインＤ輸液,ブドウ糖加酢酸リンゲル,５００ｍＬ１袋,光製薬,217
注射薬,ソルアセトＤ輸液,ブドウ糖加酢酸リンゲル,２５０ｍＬ１袋,テルモ,193
注射薬,ソリューゲンＧ注,ブドウ糖加酢酸リンゲル,３００ｍＬ１袋,ネオクリティケア製薬,197
注射薬,ペロール注,ブドウ糖加酢酸リンゲル,３００ｍＬ１袋,マイランＥＰＤ,197
注射薬,ソリューゲンＧ注,ブドウ糖加酢酸リンゲル,２００ｍＬ１袋,ネオクリティケア製薬,173
注射薬,ソルアセトＤ輸液,ブドウ糖加酢酸リンゲル,２００ｍＬ１袋,テルモ,173
注射薬,リナセートＤ輸液,ブドウ糖加酢酸リンゲル,２００ｍＬ１袋,エイワイファーマ,190
注射薬,アクメインＤ輸液,ブドウ糖加酢酸リンゲル,２００ｍＬ１袋,光製薬,190
注射薬,アルトフェッド注射液,酢酸維持液,５００ｍＬ１瓶,扶桑薬品工業,204
注射薬,アルトフェッド注射液,酢酸維持液,５００ｍＬ１袋,扶桑薬品工業,204
注射薬,アルトフェッド注射液,酢酸維持液,２００ｍＬ１袋,扶桑薬品工業,200
注射薬,ソリューゲンＦ注,酢酸リンゲル,５００ｍＬ１瓶,ネオクリティケア製薬,189
注射薬,ソルアセトＦ輸液,酢酸リンゲル,５００ｍＬ１袋,テルモ,189
注射薬,リナセートＦ輸液,酢酸リンゲル,５００ｍＬ１袋,エイワイファーマ,178
注射薬,ソリューゲンＦ注,酢酸リンゲル,５００ｍＬ１袋,ネオクリティケア製薬,189
注射薬,ソルアセトＦ輸液,酢酸リンゲル,１Ｌ１袋,テルモ,252
注射薬,リンコマイシン塩酸塩注射液３００ｍｇ「トーワ」,リンコマイシン塩酸塩水和物,３００ｍｇ１ｍＬ１管,東和薬品,167
注射薬,リンコマイシン塩酸塩注射液６００ｍｇ「トーワ」,リンコマイシン塩酸塩水和物,６００ｍｇ２ｍＬ１管,東和薬品,224
注射薬,クリンダマイシンリン酸エステル注射液３００ｍｇ「サワイ」,クリンダマイシンリン酸エステル,３００ｍｇ１管,沢井製薬,272
注射薬,クリンダマイシンリン酸エステル注３００ｍｇ「トーワ」,クリンダマイシンリン酸エステル,３００ｍｇ１管,東和薬品,272
注射薬,クリンダマイシンリン酸エステル注３００ｍｇ「Ｆ」,クリンダマイシンリン酸エステル,３００ｍｇ１管,富士製薬工業,272
注射薬,クリンダマイシンリン酸エステル注射液３００ｍｇ「ＮＰ」,クリンダマイシンリン酸エステル,３００ｍｇ１管,ニプロ,404
注射薬,クリンダマイシン注射液３００ｍｇ「ＮＩＧ」,クリンダマイシンリン酸エステル,３００ｍｇ１管,日医工岐阜工場,404
注射薬,クリンダマイシンリン酸エステル注射液６００ｍｇ「サワイ」,クリンダマイシンリン酸エステル,６００ｍｇ１管,沢井製薬,387
注射薬,クリンダマイシンリン酸エステル注６００ｍｇ「トーワ」,クリンダマイシンリン酸エステル,６００ｍｇ１管,東和薬品,346
注射薬,クリンダマイシンリン酸エステル注６００ｍｇ「Ｆ」,クリンダマイシンリン酸エステル,６００ｍｇ１管,富士製薬工業,346
注射薬,クリンダマイシンリン酸エステル注射液６００ｍｇ「ＮＰ」,クリンダマイシンリン酸エステル,６００ｍｇ１管,ニプロ,588
注射薬,クリンダマイシン注射液６００ｍｇ「ＮＩＧ」,クリンダマイシンリン酸エステル,６００ｍｇ１管,日医工岐阜工場,588
注射薬,アルベカシン硫酸塩注射液７５ｍｇ「ケミファ」,アルベカシン硫酸塩,７５ｍｇ１．５ｍＬ１管,シオノケミカル,"3,127"
注射薬,アルベカシン硫酸塩注射液７５ｍｇ「ＮＩＧ」,アルベカシン硫酸塩,７５ｍｇ１．５ｍＬ１管,日医工岐阜工場,"3,551"
注射薬,アルベカシン硫酸塩注射液１００ｍｇ「ケミファ」,アルベカシン硫酸塩,１００ｍｇ２ｍＬ１管,シオノケミカル,"3,570"
注射薬,アルベカシン硫酸塩注射液１００ｍｇ「ＮＩＧ」,アルベカシン硫酸塩,１００ｍｇ２ｍＬ１管,日医工岐阜工場,"3,592"
注射薬,アルベカシン硫酸塩注射液２５ｍｇ「ケミファ」,アルベカシン硫酸塩,２５ｍｇ０．５ｍＬ１管,シオノケミカル,"1,855"
注射薬,アルベカシン硫酸塩注射液２５ｍｇ「ＮＩＧ」,アルベカシン硫酸塩,２５ｍｇ０．５ｍＬ１管,日医工岐阜工場,"2,241"
注射薬,アルベカシン硫酸塩注射液２００ｍｇ「ケミファ」,アルベカシン硫酸塩,２００ｍｇ４ｍＬ１管,シオノケミカル,"3,163"
注射薬,アルベカシン硫酸塩注射液２００ｍｇ「ＮＩＧ」,アルベカシン硫酸塩,２００ｍｇ４ｍＬ１管,日医工岐阜工場,"4,485"
注射薬,アミカシン硫酸塩注射液１００ｍｇ「サワイ」,アミカシン硫酸塩,１００ｍｇ１管,沢井製薬,350
注射薬,アミカシン硫酸塩注１００ｍｇ「ＮＰ」,アミカシン硫酸塩,１００ｍｇ１管,ニプロ,350
注射薬,アミカシン硫酸塩注射液１００ｍｇ「ＮｉｋＰ」,アミカシン硫酸塩,１００ｍｇ１管,日医工ファーマ,347
注射薬,アミカシン硫酸塩注射液１００ｍｇ「Ｆ」,アミカシン硫酸塩,１００ｍｇ１管,富士製薬工業,347
注射薬,アミカシン硫酸塩注射液１００ｍｇ「明治」,アミカシン硫酸塩,１００ｍｇ１管,Ｍｅｉｊｉ　Ｓｅｉｋａ　ファルマ,350
注射薬,アミカシン硫酸塩注射液２００ｍｇ「サワイ」,アミカシン硫酸塩,２００ｍｇ１管,沢井製薬,357
注射薬,アミカシン硫酸塩注２００ｍｇ「ＮＰ」,アミカシン硫酸塩,２００ｍｇ１管,ニプロ,671
注射薬,アミカシン硫酸塩注射液２００ｍｇ「ＮｉｋＰ」,アミカシン硫酸塩,２００ｍｇ１管,日医工ファーマ,610
注射薬,アミカシン硫酸塩注射液２００ｍｇ「Ｆ」,アミカシン硫酸塩,２００ｍｇ１管,富士製薬工業,610
注射薬,アミカシン硫酸塩注射液２００ｍｇ「明治」,アミカシン硫酸塩,２００ｍｇ１管,Ｍｅｉｊｉ　Ｓｅｉｋａ　ファルマ,671
注射薬,イセパマイシン硫酸塩注射液２００ｍｇ「日医工」,イセパマイシン硫酸塩,２００ｍｇ２ｍＬ１管,日医工,445
注射薬,イセパマイシン硫酸塩注射液４００ｍｇ「日医工」,イセパマイシン硫酸塩,４００ｍｇ２ｍＬ１管,日医工,873
注射薬,ピペラシリンナトリウム点滴静注用バッグ１ｇ「ＮＰ」,ピペラシリンナトリウム,１ｇ１キット（生理食塩液１００ｍＬ付）,ニプロ,831
注射薬,ピペラシリンナトリウム点滴静注用バッグ２ｇ「ＮＰ」,ピペラシリンナトリウム,２ｇ１キット（生理食塩液１００ｍＬ付）,ニプロ,"1,109"
注射薬,セファゾリンＮａ点滴静注用１ｇバッグ「オーツカ」,セファゾリンナトリウム,１ｇ１キット（生理食塩液１００ｍＬ付）,大塚製薬工場,762
注射薬,セファゾリンＮａ点滴静注用１ｇバッグ「ＮＰ」,セファゾリンナトリウム,１ｇ１キット（生理食塩液１００ｍＬ付）,ニプロ,762
注射薬,セフメタゾールナトリウム点滴静注用バッグ１ｇ「ＮＰ」,セフメタゾールナトリウム,１ｇ１キット（生理食塩液１００ｍＬ付）,ニプロ,811
注射薬,セフメタゾールナトリウム点滴静注用バッグ２ｇ「ＮＰ」,セフメタゾールナトリウム,２ｇ１キット（生理食塩液１００ｍＬ付）,ニプロ,"1,222"
注射薬,ゲンタマイシン硫酸塩注射液１０ｍｇ「日医工」,ゲンタマイシン硫酸塩,１０ｍｇ１管,日医工,116
注射薬,ゲンタマイシン硫酸塩注射液１０ｍｇ「Ｆ」,ゲンタマイシン硫酸塩,１０ｍｇ１管,富士製薬工業,116
注射薬,ゲンタマイシン硫酸塩注射液４０ｍｇ「日医工」,ゲンタマイシン硫酸塩,４０ｍｇ１管,日医工,291
注射薬,ゲンタマイシン硫酸塩注射液４０ｍｇ「Ｆ」,ゲンタマイシン硫酸塩,４０ｍｇ１管,富士製薬工業,282
注射薬,ゲンタマイシン硫酸塩注射液６０ｍｇ「日医工」,ゲンタマイシン硫酸塩,６０ｍｇ１管,日医工,307
注射薬,ゲンタマイシン硫酸塩注射液６０ｍｇ「Ｆ」,ゲンタマイシン硫酸塩,６０ｍｇ１管,富士製薬工業,307
注射薬,ホスホマイシンＮａ静注用０．５ｇ「ＮＰ」,ホスホマイシンナトリウム,５００ｍｇ１瓶,ニプロ,362
注射薬,ホスホマイシンナトリウム静注用０．５ｇ「日医工」,ホスホマイシンナトリウム,５００ｍｇ１瓶,日医工,362
注射薬,ホスホマイシンＮａ静注用０．５ｇ「タカタ」,ホスホマイシンナトリウム,５００ｍｇ１瓶,高田製薬,362
注射薬,ホスホマイシンＮａ静注用１ｇ「ＮＰ」,ホスホマイシンナトリウム,１ｇ１瓶,ニプロ,587
注射薬,ホスホマイシンナトリウム静注用１ｇ「日医工」,ホスホマイシンナトリウム,１ｇ１瓶,日医工,587
注射薬,ホスホマイシンＮａ静注用１ｇ「タカタ」,ホスホマイシンナトリウム,１ｇ１瓶,高田製薬,587
注射薬,ホスホマイシンＮａ静注用２ｇ「ＮＰ」,ホスホマイシンナトリウム,２ｇ１瓶,ニプロ,863
注射薬,ホスホマイシンナトリウム静注用２ｇ「日医工」,ホスホマイシンナトリウム,２ｇ１瓶,日医工,863
注射薬,ホスホマイシンＮａ静注用２ｇ「タカタ」,ホスホマイシンナトリウム,２ｇ１瓶,高田製薬,863
注射薬,注射用ビクシリンＳ１００,アンピシリンナトリウム・クロキサシリンナトリウム水和物,（１００ｍｇ）１瓶,Ｍｅｉｊｉ　Ｓｅｉｋａ　ファルマ,65
注射薬,注射用ビクシリンＳ５００,アンピシリンナトリウム・クロキサシリンナトリウム水和物,（５００ｍｇ）１瓶,Ｍｅｉｊｉ　Ｓｅｉｋａ　ファルマ,219
注射薬,注射用ビクシリンＳ１０００,アンピシリンナトリウム・クロキサシリンナトリウム水和物,（１ｇ）１瓶,Ｍｅｉｊｉ　Ｓｅｉｋａ　ファルマ,396
注射薬,ビダラビン点滴静注用３００ｍｇ「Ｆ」,ビダラビン,３００ｍｇ１瓶,富士製薬工業,"5,996"
外用薬,リュウアト１％眼軟膏,アトロピン硫酸塩水和物,１％１ｇ,参天製薬,107.80
外用薬,日点アトロピン点眼液１％,アトロピン硫酸塩水和物,１％５ｍＬ１瓶,ロートニッテン,296.60
外用薬,ネオベノール点眼液０．４％,オキシブプロカイン塩酸塩,０．４％１ｍＬ,ロートニッテン,20.40
外用薬,オキシブプロカイン塩酸塩点眼液０．４％「ニットー」,オキシブプロカイン塩酸塩,０．４％１ｍＬ,日東メディック,20.40
外用薬,クロラムフェニコール点眼液０．５％「ニットー」,クロラムフェニコール,５ｍｇ１ｍＬ,日東メディック,18.00
外用薬,アシクロビル眼軟膏３％「ニットー」,アシクロビル,３％１ｇ,東亜薬品,310.60
外用薬,アシクロビル眼軟膏３％「日点」,アシクロビル,３％１ｇ,ロートニッテン,310.60
外用薬,オフロキサシン眼軟膏０．３％「ニットー」,オフロキサシン,０．３％１ｇ,東亜薬品,53.20
外用薬,オフロキサシン点眼液０．３％「ＣＨＯＳ」,オフロキサシン,０．３％１ｍＬ,シー・エイチ・オー新薬,34.60
外用薬,オフロキサシン点眼液０．３％「ＪＧ」,オフロキサシン,０．３％１ｍＬ,長生堂製薬,107.40
外用薬,オフロキサシン点眼液０．３％「日医工」,オフロキサシン,０．３％１ｍＬ,日医工,107.40
外用薬,オフロキサシン点眼液０．３％「日新」,オフロキサシン,０．３％１ｍＬ,日新製薬（山形）,34.60
外用薬,オフロキサシン点眼液０．３％「サワイ」,オフロキサシン,０．３％１ｍＬ,沢井製薬,107.40
外用薬,オフロキサシン点眼液０．３％「杏林」,オフロキサシン,０．３％１ｍＬ,キョーリンリメディオ,34.60
外用薬,オフロキサシン点眼液０．３％「トーワ」,オフロキサシン,０．３％１ｍＬ,東和薬品,73.20
外用薬,オフロキサシン点眼液０．３％「日点」,オフロキサシン,０．３％１ｍＬ,大興製薬,34.60
外用薬,オフロキサシン点眼液０．３％「ニットー」,オフロキサシン,０．３％１ｍＬ,東亜薬品,34.60
外用薬,オフロキサシン点眼液０．３％「わかもと」,オフロキサシン,０．３％１ｍＬ,富士薬品,34.60
外用薬,オフロキサシンゲル化点眼液０．３％「わかもと」,オフロキサシン,０．３％１ｍＬ,わかもと製薬,34.60
外用薬,ノルフロキサシン点眼液０．３％「ＮｉｋＰ」,ノルフロキサシン,０．３％１ｍＬ,日医工ファーマ,110.60
外用薬,ノルフロキサシン点眼液０．３％「日新」,ノルフロキサシン,０．３％１ｍＬ,日新製薬（山形）,110.60
外用薬,ノルフロキサシン点眼液０．３％「わかもと」,ノルフロキサシン,０．３％１ｍＬ,わかもと製薬,110.60
外用薬,ノルフロキサシン点眼液０．３％「ニットー」,ノルフロキサシン,０．３％１ｍＬ,富士薬品,76.00
外用薬,ノルフロキサシン点眼液０．３％「杏林」,ノルフロキサシン,０．３％１ｍＬ,キョーリンリメディオ,77.60
外用薬,ノルフロキサシン点眼液０．３％「ツルハラ」,ノルフロキサシン,０．３％１ｍＬ,鶴原製薬,76.00
外用薬,オフサロン点眼液,クロラムフェニコール・コリスチンメタンスルホン酸ナトリウム,５ｍＬ１瓶,わかもと製薬,127.80
外用薬,コリナコール点眼液,クロラムフェニコール・コリスチンメタンスルホン酸ナトリウム,５ｍＬ１瓶,ロートニッテン,127.80
外用薬,ベルベゾロンＦ点眼・点鼻液,ベタメタゾンリン酸エステルナトリウム・フラジオマイシン硫酸塩,１ｍＬ,ロートニッテン,78.20
外用薬,オフロキサシン耳科用液０．３％「ＣＥＯ」,オフロキサシン,３ｍｇ１ｍＬ,セオリアファーマ,55.70
外用薬,ポピヨドンガーグル７％,ポビドンヨード,７％１ｍＬ,吉田製薬,3.20
外用薬,ポビドンヨードガーグル液７％「東海」,ポビドンヨード,７％１ｍＬ,東海製薬,3.20
外用薬,ポビドンヨードガーグル７％「メタル」,ポビドンヨード,７％１ｍＬ,中北薬品,3.20
外用薬,ポピラールガーグル７％,ポビドンヨード,７％１ｍＬ,日興製薬,3.20
外用薬,ポビドンヨードガーグル７％「日医工」,ポビドンヨード,７％１ｍＬ,日医工,2.00
外用薬,ポビドンヨードガーグル液７％「明治」,ポビドンヨード,７％１ｍＬ,Ｍｅｉｊｉ　Ｓｅｉｋａ　ファルマ,3.20
外用薬,ポビドンヨードガーグル液７％「ケンエー」,ポビドンヨード,７％１ｍＬ,健栄製薬,3.20
外用薬,ポビドンヨードガーグル液７％「イワキ」,ポビドンヨード,７％１ｍＬ,岩城製薬,3.10
外用薬,ポビドンヨードガーグル液７％「シオエ」,ポビドンヨード,７％１ｍＬ,シオエ製薬,3.20
外用薬,グリセリン浣腸「オヲタ」小児用３０,グリセリン,５０％３０ｍＬ１個,帝國製薬,100.10
外用薬,グリセリン浣腸「ヤマゼン」,グリセリン,５０％３０ｍＬ１個,山善製薬,100.10
外用薬,グリセリン浣腸液５０％「ムネ」３０ｍＬ,グリセリン,５０％３０ｍＬ１個,ムネ製薬,100.10
外用薬,グリセリン浣腸液５０％「ケンエー」,グリセリン,５０％３０ｍＬ１個,健栄製薬,110.10
外用薬,グリセリン浣腸液５０％「マイラン」,グリセリン,５０％４０ｍＬ１個,明治薬品,107.70
外用薬,グリセリン浣腸液５０％「ケンエー」,グリセリン,５０％４０ｍＬ１個,健栄製薬,118.50
外用薬,グリセリン浣腸液５０％「ケンエー」,グリセリン,５０％５０ｍＬ１個,健栄製薬,122.00
外用薬,グリセリン浣腸「オヲタ」６０,グリセリン,５０％６０ｍＬ１個,帝國製薬,107.70
外用薬,グリセリン浣腸「ヤマゼン」,グリセリン,５０％６０ｍＬ１個,山善製薬,107.70
外用薬,グリセリン浣腸液５０％「マイラン」,グリセリン,５０％６０ｍＬ１個,明治薬品,107.70
外用薬,グリセリン浣腸液５０％「ムネ」６０ｍＬ,グリセリン,５０％６０ｍＬ１個,ムネ製薬,107.70
外用薬,グリセリン浣腸液５０％「ケンエー」,グリセリン,５０％６０ｍＬ１個,健栄製薬,131.70
外用薬,グリセリン浣腸「オヲタ」１２０,グリセリン,５０％１２０ｍＬ１個,帝國製薬,140.60
外用薬,グリセリン浣腸「ヤマゼン」,グリセリン,５０％１２０ｍＬ１個,山善製薬,140.60
外用薬,グリセリン浣腸液５０％「マイラン」,グリセリン,５０％１２０ｍＬ１個,明治薬品,140.60
外用薬,グリセリン浣腸液５０％「ムネ」１２０ｍＬ,グリセリン,５０％１２０ｍＬ１個,ムネ製薬,140.60
外用薬,グリセリン浣腸液５０％「ケンエー」,グリセリン,５０％１２０ｍＬ１個,健栄製薬,166.50
外用薬,グリセリン浣腸「オヲタ」１５０,グリセリン,５０％１５０ｍＬ１個,帝國製薬,166.90
外用薬,グリセリン浣腸液５０％「マイラン」,グリセリン,５０％１５０ｍＬ１個,明治薬品,166.90
外用薬,グリセリン浣腸液５０％「ムネ」１５０ｍＬ,グリセリン,５０％１５０ｍＬ１個,ムネ製薬,166.90
外用薬,グリセリン浣腸液５０％「ケンエー」,グリセリン,５０％１５０ｍＬ１個,健栄製薬,187.90
外用薬,グリセリン浣腸液５０％「ケンエー」,グリセリン,５０％９０ｍＬ１個,健栄製薬,153.40
外用薬,クロラムフェニコール腟錠１００ｍｇ「Ｆ」,クロラムフェニコール,１００ｍｇ１錠,富士製薬工業,71.70
外用薬,プレポダインスクラブ０．７５％,ヨウ素,１０ｍＬ,丸石製薬,21.90
外用薬,プレポダインソリューション１％,ヨウ素,１０ｍＬ,丸石製薬,21.50
外用薬,プレポダインフィールド１％,ヨウ素,１０ｍＬ,丸石製薬,29.00
外用薬,５０％イソプロ消アル「ヤマゼン」,イソプロパノール,５０％１０ｍＬ,山善製薬,3.90
外用薬,５０％消毒用イソプロパノール「三恵」,イソプロパノール,５０％１０ｍＬ,三恵薬品,3.90
外用薬,５０％消毒用イソプロパノール「東海」,イソプロパノール,５０％１０ｍＬ,東海製薬,4.30
外用薬,５０％消毒用イソプロパノール「ニッコー」,イソプロパノール,５０％１０ｍＬ,日興製薬,4.30
外用薬,５０Ｖ／Ｖ％消毒用イソプロ「コザカイ」,イソプロパノール,５０％１０ｍＬ,小堺製薬,4.30
外用薬,５０％イソプロパノールワコー,イソプロパノール,５０％１０ｍＬ,富士フイルムワコーケミカル,3.90
外用薬,消毒用イソプロパノール液５０％「ヤクハン」,イソプロパノール,５０％１０ｍＬ,ヤクハン製薬,4.30
外用薬,イソプロパノール消毒液５０％「タイセイ」,イソプロパノール,５０％１０ｍＬ,大成薬品工業,3.90
外用薬,イソプロパノール消毒液５０％「ヨシダ」,イソプロパノール,５０％１０ｍＬ,吉田製薬,4.30
外用薬,イソプロパノール消毒液５０％「カネイチ」,イソプロパノール,５０％１０ｍＬ,兼一薬品工業,4.30
外用薬,イソプロパノール消毒液５０％「メタル」,イソプロパノール,５０％１０ｍＬ,中北薬品,3.90
外用薬,イソプロパノール消毒液５０％「イマヅ」,イソプロパノール,５０％１０ｍＬ,今津薬品工業,3.90
外用薬,イソプロパノール消毒液５０％「昭和」,イソプロパノール,５０％１０ｍＬ,昭和製薬,3.90
外用薬,イソプロパノール消毒液５０％「ニプロ」,イソプロパノール,５０％１０ｍＬ,ニプロ,4.30
外用薬,イソプロパノール消毒液５０％「ケンエー」,イソプロパノール,５０％１０ｍＬ,健栄製薬,4.30
外用薬,イソプロパノール消毒液５０％「シオエ」,イソプロパノール,５０％１０ｍＬ,シオエ製薬,4.30
外用薬,イソプロパノール消毒液５０％〈ハチ〉,イソプロパノール,５０％１０ｍＬ,東洋製薬化成,4.30
外用薬,７０％消毒用イソプロパノール「ニッコー」,イソプロパノール,７０％１０ｍＬ,日興製薬,5.00
外用薬,７０％イソプロ消アル「ヤマゼン」,イソプロパノール,７０％１０ｍＬ,山善製薬,4.50
外用薬,７０％イソプロパノール「東海」,イソプロパノール,７０％１０ｍＬ,東海製薬,5.00
外用薬,７０％イソプロパノールワコー,イソプロパノール,７０％１０ｍＬ,富士フイルムワコーケミカル,4.50
外用薬,イソプロパノール消毒液７０％「タイセイ」,イソプロパノール,７０％１０ｍＬ,大成薬品工業,4.50
外用薬,イソプロパノール消毒液７０％「ヨシダ」,イソプロパノール,７０％１０ｍＬ,吉田製薬,5.00
外用薬,イソプロパノール消毒液７０％「カネイチ」,イソプロパノール,７０％１０ｍＬ,兼一薬品工業,5.00
外用薬,イソプロパノール消毒液７０％「メタル」,イソプロパノール,７０％１０ｍＬ,中北薬品,5.00
外用薬,イソプロパノール消毒液７０％「ニプロ」,イソプロパノール,７０％１０ｍＬ,ニプロ,5.00
外用薬,イソプロパノール消毒液７０％「ケンエー」,イソプロパノール,７０％１０ｍＬ,健栄製薬,5.00
外用薬,イソプロパノール消毒液７０％「東豊」,イソプロパノール,７０％１０ｍＬ,東豊薬品,5.00
外用薬,イソプロパノール消毒Ｂ液７０％「ケンエー」,イソプロパノール,７０％１０ｍＬ,健栄製薬,5.00
外用薬,イソプロパノール消毒液７０％「シオエ」,イソプロパノール,７０％１０ｍＬ,シオエ製薬,5.00
外用薬,イソプロパノール消毒液７０％〈ハチ〉,イソプロパノール,７０％１０ｍＬ,東洋製薬化成,5.00
外用薬,イソプロパノール消毒液７０％「ヤクハン」,イソプロパノール,７０％１０ｍＬ,ヤクハン製薬,5.00
外用薬,ステリクロンＷエタノール液０．５,クロルヘキシジングルコン酸塩,０．５％１０ｍＬ,健栄製薬,7.00
外用薬,マスキンＷ・エタノール液（０．５ｗ／ｖ％）,クロルヘキシジングルコン酸塩,０．５％１０ｍＬ,丸石製薬,7.00
外用薬,０．５％ヘキザックアルコール液,クロルヘキシジングルコン酸塩,０．５％１０ｍＬ,吉田製薬,6.40
外用薬,０．５％ラポテックアルコール液,クロルヘキシジングルコン酸塩,０．５％１０ｍＬ,日興製薬,7.00
外用薬,ステリクロンＷ液０．５,クロルヘキシジングルコン酸塩,０．５％１０ｍＬ,健栄製薬,7.00
外用薬,０．５ｗ／ｖ％マスキン水,クロルヘキシジングルコン酸塩,０．５％１０ｍＬ,日興製薬,7.00
外用薬,０．５％ラポテックアルコール（Ｗ）液,クロルヘキシジングルコン酸塩,０．５％１０ｍＬ,日興製薬,7.00
外用薬,０．５％ヘキザック水Ｗ,クロルヘキシジングルコン酸塩,０．５％１０ｍＬ,吉田製薬,6.40
外用薬,クロバインＡ,クロルヘキシジングルコン酸塩,０．５％１０ｍＬ,山善製薬,6.40
外用薬,０．５％グルコジンＷ水,クロルヘキシジングルコン酸塩,０．５％１０ｍＬ,ヤクハン製薬,7.00
外用薬,グルコジンＷ・エタノール液０．５％,クロルヘキシジングルコン酸塩,０．５％１０ｍＬ,ヤクハン製薬,7.00
外用薬,イワコールエタノール消毒液０．５％,クロルヘキシジングルコン酸塩,０．５％１０ｍＬ,小堺製薬,7.00
外用薬,クロルヘキシジングルコン酸塩消毒用液ＥＷ０．５％「ＮＰ」,クロルヘキシジングルコン酸塩,０．５％１０ｍＬ,ニプロ,7.00
外用薬,ステリクロンＲエタノール液０．５,クロルヘキシジングルコン酸塩,０．５％１０ｍＬ,健栄製薬,7.00
外用薬,マスキンＲ・エタノール液（０．５ｗ／ｖ％）,クロルヘキシジングルコン酸塩,０．５％１０ｍＬ,丸石製薬,7.00
外用薬,０．５％グルコン酸クロルヘキシジン・エタノール液「東海」,クロルヘキシジングルコン酸塩,０．５％１０ｍＬ,東海製薬,7.00
外用薬,ステリクロンＲ液０．５,クロルヘキシジングルコン酸塩,０．５％１０ｍＬ,健栄製薬,7.00
外用薬,０．５％ヘキザック水Ｒ,クロルヘキシジングルコン酸塩,０．５％１０ｍＬ,吉田製薬,6.40
外用薬,ステリクロンＢエタノール液０．５,クロルヘキシジングルコン酸塩,０．５％１０ｍＬ,健栄製薬,7.00
外用薬,０．５％グルコジンＲ水,クロルヘキシジングルコン酸塩,０．５％１０ｍＬ,ヤクハン製薬,7.00
外用薬,０．５％ヘキザックアルコール液Ｎ,クロルヘキシジングルコン酸塩,０．５％１０ｍＬ,吉田製薬,6.40
外用薬,グルコジンＲ・エタノール液０．５％,クロルヘキシジングルコン酸塩,０．５％１０ｍＬ,ヤクハン製薬,7.00
外用薬,クロルヘキシジングルコン酸塩エタノール消毒液０．５％Ｒ「カネイチ」,クロルヘキシジングルコン酸塩,０．５％１０ｍＬ,兼一薬品工業,6.40
外用薬,クロヘキシン液５％,クロルヘキシジングルコン酸塩,５％１０ｍＬ,東洋製薬化成,19.40
外用薬,グルコン酸クロルヘキシジン５％液「メタル」,クロルヘキシジングルコン酸塩,５％１０ｍＬ,中北薬品,19.40
外用薬,５％ヘキザック液,クロルヘキシジングルコン酸塩,５％１０ｍＬ,吉田製薬,19.40
外用薬,５％クロルヘキシジン液「ヤマゼン」,クロルヘキシジングルコン酸塩,５％１０ｍＬ,山善製薬,16.20
外用薬,５％グルコン酸クロルヘキシジン液「東海」,クロルヘキシジングルコン酸塩,５％１０ｍＬ,東海製薬,21.30
外用薬,マスキン液（５Ｗ／Ｖ％）,クロルヘキシジングルコン酸塩,５％１０ｍＬ,丸石製薬,19.40
外用薬,ステリクロン液５,クロルヘキシジングルコン酸塩,５％１０ｍＬ,健栄製薬,21.30
外用薬,ラポテック消毒液５％,クロルヘキシジングルコン酸塩,５％１０ｍＬ,日興製薬,19.40
外用薬,クロルヘキシジングルコン酸塩消毒用液５％「ＮＰ」,クロルヘキシジングルコン酸塩,５％１０ｍＬ,ニプロ,19.40
外用薬,クロルヘキシジングルコン酸塩消毒液５％「カネイチ」,クロルヘキシジングルコン酸塩,５％１０ｍＬ,兼一薬品工業,16.20
外用薬,クロルヘキシジングルコン酸塩消毒液５％「シオエ」,クロルヘキシジングルコン酸塩,５％１０ｍＬ,シオエ製薬,19.40
外用薬,クロルヘキシジングルコン酸塩消毒液５％「日医工」,クロルヘキシジングルコン酸塩,５％１０ｍＬ,日医工,21.30
外用薬,５％グルクロ液,クロルヘキシジングルコン酸塩,５％１０ｍＬ,三恵薬品,10.70
外用薬,ネオクレミール消毒液５％,クロルヘキシジングルコン酸塩,５％１０ｍＬ,サンケミファ,19.40
外用薬,ステリクロンＲ液０．０５,クロルヘキシジングルコン酸塩,０．０５％１０ｍＬ,健栄製薬,5.80
外用薬,０．０５Ｗ／Ｖ％マスキン水,クロルヘキシジングルコン酸塩,０．０５％１０ｍＬ,日興製薬,5.80
外用薬,０．０５％グルコジンＲ水,クロルヘキシジングルコン酸塩,０．０５％１０ｍＬ,ヤクハン製薬,5.80
外用薬,０．０５％ヘキザック水Ｒ,クロルヘキシジングルコン酸塩,０．０５％１０ｍＬ,吉田製薬,5.80
外用薬,ステリクロンＲ液０．１,クロルヘキシジングルコン酸塩,０．１％１０ｍＬ,健栄製薬,5.80
外用薬,０．１％ヘキザック水Ｒ,クロルヘキシジングルコン酸塩,０．１％１０ｍＬ,吉田製薬,5.80
外用薬,ステリクロンＷ液０．０２,クロルヘキシジングルコン酸塩,０．０２％１０ｍＬ,健栄製薬,5.80
外用薬,０．０２ｗ／ｖ％マスキン水,クロルヘキシジングルコン酸塩,０．０２％１０ｍＬ,日興製薬,5.80
外用薬,０．０２％ヘキザック水Ｗ,クロルヘキシジングルコン酸塩,０．０２％１０ｍＬ,吉田製薬,5.80
外用薬,０．０２％グルコジンＷ水,クロルヘキシジングルコン酸塩,０．０２％１０ｍＬ,ヤクハン製薬,5.80
外用薬,ステリクロンＷ液０．１,クロルヘキシジングルコン酸塩,０．１％１０ｍＬ,健栄製薬,5.80
外用薬,０．１％ヘキザック水Ｗ,クロルヘキシジングルコン酸塩,０．１％１０ｍＬ,吉田製薬,5.80
外用薬,０．１ｗ／ｖ％マスキン水,クロルヘキシジングルコン酸塩,０．１％１０ｍＬ,日興製薬,5.80
外用薬,０．１％グルコジンＷ水,クロルヘキシジングルコン酸塩,０．１％１０ｍＬ,ヤクハン製薬,5.80
外用薬,ステリクロンＷ液０．０５,クロルヘキシジングルコン酸塩,０．０５％１０ｍＬ,健栄製薬,5.80
外用薬,０．０５％グルコジンＷ水,クロルヘキシジングルコン酸塩,０．０５％１０ｍＬ,ヤクハン製薬,5.80
外用薬,０．０５％ヘキザック水Ｗ,クロルヘキシジングルコン酸塩,０．０５％１０ｍＬ,吉田製薬,5.80
外用薬,ゲンタマイシン硫酸塩軟膏０．１％「イワキ」,ゲンタマイシン硫酸塩,１ｍｇ１ｇ,岩城製薬,8.70
外用薬,ゲンタマイシン硫酸塩軟膏０．１％「Ｆ」,ゲンタマイシン硫酸塩,１ｍｇ１ｇ,富士製薬工業,11.00
外用薬,ゲンタマイシン硫酸塩軟膏０．１％「ＮＩＧ」,ゲンタマイシン硫酸塩,１ｍｇ１ｇ,日医工岐阜工場,5.80
外用薬,デルモゾールＧ軟膏,ベタメタゾン吉草酸エステル・ゲンタマイシン硫酸塩,１ｇ,岩城製薬,27.70
外用薬,ルリクールＶＧ軟膏０．１２％,ベタメタゾン吉草酸エステル・ゲンタマイシン硫酸塩,１ｇ,東和薬品,26.50
外用薬,デキサンＶＧ軟膏０．１２％,ベタメタゾン吉草酸エステル・ゲンタマイシン硫酸塩,１ｇ,富士製薬工業,27.70
外用薬,ベトノバールＧ軟膏０．１２％,ベタメタゾン吉草酸エステル・ゲンタマイシン硫酸塩,１ｇ,佐藤製薬,27.70
外用薬,デルモゾールＧクリーム,ベタメタゾン吉草酸エステル・ゲンタマイシン硫酸塩,１ｇ,岩城製薬,27.70
外用薬,ベトノバールＧクリーム０．１２％,ベタメタゾン吉草酸エステル・ゲンタマイシン硫酸塩,１ｇ,佐藤製薬,27.70
外用薬,デルモゾールＧローション,ベタメタゾン吉草酸エステル・ゲンタマイシン硫酸塩,１ｍＬ,岩城製薬,27.70
歯科用薬剤,キシレステシンＡ注射液（カートリッジ）,リドカイン塩酸塩・アドレナリン,１．８ｍＬ１管,スリーエム　ジャパン　イノベーション,79.60
歯科用薬剤,エピリド配合注歯科用カートリッジ１．８ｍＬ,リドカイン塩酸塩・アドレナリン,１．８ｍＬ１管,ニプロ,66.50
